-- phpMyAdmin SQL Dump
-- version 4.9.0.1
-- https://www.phpmyadmin.net/
--
-- Host: localhost
-- Generation Time: Nov 03, 2019 at 10:29 PM
-- Server version: 10.4.6-MariaDB
-- PHP Version: 7.3.9

SET SQL_MODE = "NO_AUTO_VALUE_ON_ZERO";
SET AUTOCOMMIT = 0;
START TRANSACTION;
SET time_zone = "+00:00";


/*!40101 SET @OLD_CHARACTER_SET_CLIENT=@@CHARACTER_SET_CLIENT */;
/*!40101 SET @OLD_CHARACTER_SET_RESULTS=@@CHARACTER_SET_RESULTS */;
/*!40101 SET @OLD_COLLATION_CONNECTION=@@COLLATION_CONNECTION */;
/*!40101 SET NAMES utf8mb4 */;

--
-- Database: `AR_R`
--

-- --------------------------------------------------------

--
-- Table structure for table `experiment_info`
--

CREATE TABLE `experiment_info` (
  `session_id` int(11) NOT NULL DEFAULT -1,
  `experiment_id` int(11) NOT NULL DEFAULT -1,
  `pointer_id` varchar(200) DEFAULT NULL,
  `observer_id` varchar(200) DEFAULT NULL,
  `virtual_type` varchar(200) DEFAULT NULL,
  `spatial_type` varchar(200) DEFAULT NULL,
  `rehearsal` varchar(200) NOT NULL DEFAULT 'on',
  `date` timestamp NOT NULL DEFAULT current_timestamp()
) ENGINE=InnoDB DEFAULT CHARSET=latin1;

--
-- Dumping data for table `experiment_info`
--

INSERT INTO `experiment_info` (`session_id`, `experiment_id`, `pointer_id`, `observer_id`, `virtual_type`, `spatial_type`, `rehearsal`, `date`) VALUES
(2, 3, '001', '002', 'Real', 'face to face', 'on', '2019-11-03 15:48:08'),
(3, 1, '001', '002', 'Real', 'side by side', 'off', '2019-11-03 15:48:56'),
(3, 1, '001', '002', 'Real', 'face to face', 'off', '2019-11-03 16:06:59'),
(5, 1, '001', '002', 'Real', 'face to face', 'off', '2019-11-03 16:09:41'),
(3, 1, '001', '002', 'Real', 'face to face', 'off', '2019-11-03 16:13:43'),
(4, 1, '001', '002', 'Real', 'face to face', 'off', '2019-11-03 16:14:01'),
(6, 7, '001', '002', 'Real', 'face to face', 'on', '2019-11-03 16:20:57'),
(3, 5, '001', '002', 'Real', 'face to face', 'off', '2019-11-03 16:21:31'),
(3, 1, '001', '002', 'Real', 'face to face', 'off', '2019-11-03 16:22:37'),
(4, 1, '001', '002', 'Real', 'face to face', 'off', '2019-11-03 16:30:53'),
(2, 1, '001', '002', 'Real', 'face to face', 'off', '2019-11-03 16:33:30'),
(1, 1, '002', '002', 'Real', 'face to face', 'on', '2019-11-03 16:46:22'),
(5, 1, '003', '003', 'Real', 'face to face', 'off', '2019-11-03 16:50:48'),
(5, 1, '003', '003', 'Real', 'face to face', 'off', '2019-11-03 16:52:14'),
(1, 1, '004', '004', 'Real', 'face to face', 'on', '2019-11-03 17:19:25'),
(2, 1, '004', '004', 'Real', 'face to face', 'off', '2019-11-03 17:21:13'),
(5, 1, '005', '005', 'Real', 'face to face', 'off', '2019-11-03 17:30:22'),
(3, 1, '005', '005', 'Real', 'face to face', 'off', '2019-11-03 17:32:45'),
(3, 1, '002', '004', 'Real', 'face to face', 'off', '2019-11-03 17:35:10'),
(3, 1, '005', '005', 'Real', 'face to face', 'off', '2019-11-03 17:37:13'),
(4, 1, '002', '005', 'Real', 'face to face', 'off', '2019-11-03 17:40:55'),
(4, 3, '005', '005', 'Real', 'face to face', 'off', '2019-11-03 17:43:55'),
(5, 1, '005', '005', 'Real', 'face to face', 'off', '2019-11-03 17:46:56'),
(3, 1, '005', '005', 'Real', 'face to face', 'off', '2019-11-03 17:49:07'),
(5, 1, '005', '005', 'Real', 'face to face', 'off', '2019-11-03 17:54:24'),
(9, 1, '005', '005', 'Real', 'face to face', 'off', '2019-11-03 17:56:21'),
(7, 1, '005', '005', 'Real', 'face to face', 'off', '2019-11-03 17:58:29'),
(9, 1, '003', '004', 'Real', 'face to face', 'off', '2019-11-03 18:03:11'),
(0, 1, '002', '005', 'Real', 'face to face', 'off', '2019-11-03 18:05:51'),
(9, 1, '005', '005', 'Real', 'face to face', 'off', '2019-11-03 18:08:08'),
(1, 1, '005', '005', 'Real', 'face to face', 'on', '2019-11-03 18:10:48'),
(8, 1, '001', '002', 'Real', 'face to face', 'off', '2019-11-03 18:16:22'),
(7, 1, '006', '006', 'Real', 'face to face', 'off', '2019-11-03 18:20:27');

-- --------------------------------------------------------

--
-- Table structure for table `raw_data`
--

CREATE TABLE `raw_data` (
  `session_id` int(11) NOT NULL DEFAULT -1,
  `experiment_id` int(11) NOT NULL DEFAULT 0,
  `trial_number` int(11) NOT NULL DEFAULT -1,
  `pointer_ID` varchar(200) DEFAULT NULL,
  `observer_ID` varchar(200) DEFAULT NULL,
  `virtual_type` text DEFAULT NULL,
  `spatial_type` text DEFAULT NULL,
  `rehearsal` varchar(11) DEFAULT 'on',
  `date` varchar(200) DEFAULT current_timestamp(),
  `T1` timestamp NULL DEFAULT NULL,
  `T2` timestamp NULL DEFAULT NULL,
  `T3` timestamp NULL DEFAULT NULL,
  `T4` timestamp NULL DEFAULT NULL,
  `identified_number` int(11) DEFAULT NULL,
  `confidence_level` int(11) DEFAULT -1,
  `testing_number_set` int(11) NOT NULL DEFAULT -1
) ENGINE=InnoDB DEFAULT CHARSET=latin1;

--
-- Dumping data for table `raw_data`
--

INSERT INTO `raw_data` (`session_id`, `experiment_id`, `trial_number`, `pointer_ID`, `observer_ID`, `virtual_type`, `spatial_type`, `rehearsal`, `date`, `T1`, `T2`, `T3`, `T4`, `identified_number`, `confidence_level`, `testing_number_set`) VALUES
(-1, 0, 1, NULL, NULL, NULL, NULL, NULL, '2019-10-25 00:05:12', '2019-10-25 00:17:14', '2019-10-25 00:18:34', '2019-10-25 00:14:32', '2019-10-25 00:14:34', NULL, -1, -1),
(-1, 0, 1, NULL, NULL, NULL, NULL, NULL, '2019-10-25 00:03:30', '2019-10-25 00:17:14', '2019-10-25 00:18:34', '2019-10-25 00:14:32', '2019-10-25 00:14:34', NULL, -1, -1),
(-1, 0, 1, NULL, NULL, NULL, NULL, NULL, '2019-10-25 00:05:12', '2019-10-25 00:17:14', '2019-10-25 00:18:34', '2019-10-25 00:14:32', '2019-10-25 00:14:34', NULL, -1, -1),
(-1, 0, 1, NULL, NULL, NULL, NULL, NULL, '2019-10-25 00:06:37', '2019-10-25 00:17:14', '2019-10-25 00:18:34', '2019-10-25 00:14:32', '2019-10-25 00:14:34', NULL, -1, -1),
(-1, 0, 1, NULL, NULL, NULL, NULL, NULL, '2019-10-25 00:10:24', '2019-10-25 00:17:14', '2019-10-25 00:18:34', '2019-10-25 00:14:32', '2019-10-25 00:14:34', NULL, -1, -1),
(-1, 0, 1, NULL, NULL, NULL, NULL, NULL, '2019-10-25 00:12:33', '2019-10-25 00:17:14', '2019-10-25 00:18:34', '2019-10-25 00:14:32', '2019-10-25 00:14:34', NULL, -1, -1),
(-1, 0, 1, NULL, NULL, NULL, NULL, NULL, '2019-10-25 00:13:43', '2019-10-25 00:17:14', '2019-10-25 00:18:34', '2019-10-25 00:14:32', '2019-10-25 00:14:34', NULL, -1, -1),
(-1, 0, 1, NULL, NULL, NULL, NULL, NULL, '2019-10-25 00:17:13', '2019-10-25 00:18:53', '2019-10-25 00:18:54', '2019-10-25 00:18:57', '2019-10-25 00:18:58', NULL, -1, -1),
(-1, 0, 1, NULL, NULL, NULL, NULL, NULL, '2019-10-25 11:44:09', '2019-10-25 11:44:45', '2019-10-25 11:44:15', '2019-10-25 11:44:22', '2019-10-25 11:44:23', NULL, -1, -1),
(-1, 0, 1, NULL, NULL, NULL, NULL, NULL, '2019-10-25 11:44:45', '2019-10-25 11:44:58', '2019-10-25 11:44:46', '2019-10-25 11:44:48', '2019-10-25 11:44:49', NULL, -1, -1),
(-1, 0, 2, NULL, NULL, NULL, NULL, NULL, '2019-10-25 11:44:58', '2019-10-25 11:58:30', '2019-10-25 11:44:58', '2019-10-25 11:45:04', '2019-10-25 11:45:06', NULL, -1, -1),
(-1, 0, 1, NULL, NULL, NULL, NULL, NULL, '2019-10-25 11:58:30', '2019-10-25 11:58:52', '2019-10-25 11:58:38', '2019-10-25 11:58:42', '2019-10-25 11:58:44', NULL, -1, -1),
(-1, 0, 2, NULL, NULL, NULL, NULL, NULL, '2019-10-25 11:58:52', '2019-10-25 11:59:08', '2019-10-25 11:58:57', '2019-10-25 11:59:00', '2019-10-25 11:59:01', NULL, -1, -1),
(-1, 0, 2, NULL, NULL, NULL, NULL, NULL, '2019-10-25 12:02:20', '2019-10-25 12:02:32', '2019-10-25 12:02:25', '2019-10-25 12:02:28', '2019-10-25 12:02:29', NULL, -1, -1),
(-1, 0, 2, NULL, NULL, NULL, NULL, NULL, '2019-10-25 12:05:01', '2019-10-25 12:05:23', '2019-10-25 12:05:01', '2019-10-25 12:05:12', '2019-10-25 12:05:14', NULL, -1, -1),
(-1, 0, 1, NULL, NULL, NULL, NULL, NULL, '2019-10-25 12:45:12', '2019-10-25 12:45:31', '2019-10-25 12:45:12', '2019-10-25 12:45:21', '2019-10-25 12:45:22', NULL, -1, -1),
(-1, 0, 2, NULL, NULL, NULL, NULL, NULL, '2019-10-25 12:45:31', '2019-10-25 12:46:08', '2019-10-25 12:45:31', '2019-10-25 12:45:58', '2019-10-25 12:45:59', NULL, -1, -1),
(-1, 0, 1, NULL, NULL, NULL, NULL, NULL, '2019-10-25 13:25:06', '2019-10-25 13:26:12', '2019-10-25 13:25:06', '2019-10-25 13:25:33', '2019-10-25 13:25:34', NULL, -1, -1),
(-1, 0, 1, NULL, NULL, NULL, NULL, NULL, '2019-10-25 14:54:57', '2019-10-25 14:54:57', '2019-10-25 14:54:57', '2019-10-25 14:55:04', '2019-10-25 14:55:16', NULL, -1, -1),
(-1, 0, 1, NULL, NULL, NULL, NULL, '1', '2019-10-25 17:25:53', '2019-10-25 17:25:55', '2019-10-25 17:25:59', '2019-10-25 17:26:04', '2019-10-25 17:26:05', NULL, -1, -1),
(-1, 0, 1, NULL, NULL, NULL, NULL, '1', '2019-10-25 17:30:50', '2019-10-25 17:30:52', '2019-10-25 17:30:56', '2019-10-25 17:31:10', '2019-10-25 17:31:14', NULL, -1, -1),
(-1, 0, 2, NULL, NULL, NULL, NULL, '1', '2019-10-25 17:31:23', '2019-10-25 17:31:25', '2019-10-25 17:31:52', '2019-10-25 17:31:56', '2019-10-25 17:31:58', NULL, -1, -1),
(-1, 0, 3, NULL, NULL, NULL, NULL, '1', '2019-10-25 17:32:08', '2019-10-25 17:37:47', '2019-10-25 17:32:19', '2019-10-25 17:32:23', '2019-10-25 17:32:24', NULL, -1, -1),
(-1, 0, 1, NULL, NULL, NULL, NULL, '1', '2019-10-25 17:38:40', '2019-10-25 17:38:42', '2019-10-25 17:38:46', '2019-10-25 17:38:50', '2019-10-25 17:38:55', NULL, -1, -1),
(-1, 0, 2, NULL, NULL, NULL, NULL, '1', '2019-10-25 17:39:10', '2019-10-25 17:39:12', '2019-10-25 17:39:20', '2019-10-25 17:39:25', '2019-10-25 17:39:29', NULL, -1, -1),
(-1, 0, 3, NULL, NULL, NULL, NULL, '1', '2019-10-25 17:39:46', '2019-10-25 17:39:48', '2019-10-25 17:39:56', '2019-10-25 17:39:58', '2019-10-25 17:40:00', NULL, -1, -1),
(-1, 0, 4, NULL, NULL, NULL, NULL, '1', '2019-10-25 17:40:11', '2019-10-25 17:40:13', '2019-10-25 17:40:18', '2019-10-25 17:40:20', '2019-10-25 17:40:23', NULL, -1, -1),
(-1, 0, 1, NULL, NULL, NULL, NULL, '1', '2019-10-25 17:51:22', '2019-10-25 17:51:24', '2019-10-25 17:51:31', '2019-10-25 17:51:36', '2019-10-25 17:51:37', NULL, -1, -1),
(-1, 29011, 2, 'john', 'tom', 'Real', 'face to face', 'off', '2019-10-25 19:44:23', '2019-10-25 19:44:25', '2019-10-25 19:44:28', '2019-10-25 19:44:33', '2019-10-25 19:44:36', NULL, -1, 1),
(-1, 29011, 3, 'john', 'tom', 'Real', 'face to face', 'off', '2019-10-25 19:44:43', '2019-10-25 19:44:45', '2019-10-25 19:44:53', '2019-10-25 19:45:05', '2019-10-25 19:45:09', NULL, -1, 1),
(-1, 29011, 1, 'john', 'tom', 'Real', 'face to face', 'off', '2019-10-25 20:01:38', '2019-10-25 20:01:40', '2019-10-25 20:02:42', '2019-10-25 20:02:44', '2019-10-25 20:05:08', NULL, -1, 1),
(-1, 29011, 3, 'john', 'tom', 'Real', 'face to face', 'off', '2019-10-25 20:16:11', '2019-10-25 20:17:32', '2019-10-25 20:17:33', '2019-10-25 20:17:35', '2019-10-25 20:17:52', NULL, -1, 1),
(-1, 29011, 4, 'john', 'tom', 'Real', 'face to face', 'off', '2019-10-25 20:18:20', '2019-10-25 20:20:17', '2019-10-25 20:19:23', '2019-10-25 20:19:25', '2019-10-25 20:19:18', NULL, -1, 1),
(-1, 0, 1, '', '', '', '', 'on', '2019-10-25 20:21:07', '2019-10-25 20:21:08', '2019-10-25 20:21:10', '2019-10-25 20:21:14', '2019-10-25 20:21:21', NULL, -1, -1),
(-1, 0, 1, '', '', '', '', 'on', '2019-10-25 20:21:33', '2019-10-25 20:21:35', '2019-10-25 20:21:41', '2019-10-25 20:21:46', '2019-10-25 20:21:47', NULL, -1, -1),
(-1, 0, 1, '', '', '', '', 'on', '2019-10-25 20:23:58', '2019-10-25 20:24:00', '2019-10-25 20:24:02', '2019-10-25 20:24:07', '2019-10-25 20:24:12', NULL, -1, -1),
(-1, 0, 1, '', '', '', '', 'on', '2019-10-25 20:35:22', '2019-10-25 20:36:48', '2019-10-25 20:36:50', '2019-10-25 20:37:19', '2019-10-25 20:37:19', NULL, -1, -1),
(-1, 0, 2, '', '', '', '', 'on', '2019-10-25 20:38:56', '2019-10-25 20:39:40', '2019-10-25 20:39:00', '2019-10-25 20:39:01', '2019-10-25 20:39:02', NULL, -1, -1),
(-1, 0, 1, '', '', '', '', 'on', '2019-10-25 20:43:42', '2019-10-25 20:43:44', '2019-10-25 20:43:46', '2019-10-25 20:43:51', '2019-10-25 20:43:53', NULL, -1, -1),
(-1, 0, 2, '', '', '', '', 'on', '2019-10-25 20:44:20', '2019-10-25 20:44:22', '2019-10-25 20:44:26', '2019-10-25 20:44:28', '2019-10-25 20:44:30', NULL, -1, -1),
(-1, 1, 1, 'helloworld', 'helloworld', 'Real', 'face to face', 'on', '2019-10-25 21:29:54', '2019-10-25 21:29:56', '2019-10-25 21:31:41', '2019-10-25 21:35:06', '2019-10-25 21:37:00', NULL, -1, 1),
(-1, 0, 1, '', '', '', '', 'on', '2019-10-25 21:42:31', '2019-10-25 22:05:33', '2019-10-25 21:42:48', '2019-10-25 21:42:52', '2019-10-25 21:44:07', NULL, -1, -1),
(-1, 0, 1, '', '', '', '', 'on', '2019-10-25 22:08:59', '2019-10-25 22:09:01', '2019-10-25 22:12:31', '2019-10-25 22:12:44', '2019-10-25 22:12:53', NULL, -1, -1),
(-1, 0, 2, '', '', '', '', 'on', '2019-10-25 22:13:03', '2019-10-25 22:13:05', '2019-10-25 22:13:17', '2019-10-25 22:13:20', '2019-10-25 22:13:25', NULL, -1, -1),
(-1, 0, 4, '', '', '', '', 'on', '2019-10-30 19:36:24', '2019-10-30 19:36:28', '2019-10-30 19:36:31', '2019-10-30 19:44:29', '2019-10-30 19:44:31', NULL, -1, -1),
(1, 1, 1, '002', '002', 'Real', 'face to face', 'on', '2019-11-03 11:46:32', NULL, NULL, '2019-11-03 16:47:00', '2019-11-03 16:47:05', NULL, -1, -1),
(1, 1, 2, '002', '002', 'Real', 'face to face', 'on', '2019-11-03 11:47:07', NULL, NULL, NULL, NULL, NULL, -1, -1),
(5, 1, 1, '003', '003', 'Real', 'face to face', 'off', '2019-11-03 11:50:58', NULL, NULL, '2019-11-03 16:51:18', '2019-11-03 16:51:22', NULL, -1, -1),
(5, 1, 2, '003', '003', 'Real', 'face to face', 'off', '2019-11-03 11:51:24', NULL, NULL, NULL, NULL, NULL, -1, -1),
(5, 1, 1, '003', '003', 'Real', 'face to face', 'off', '2019-11-03 11:52:24', '2019-11-03 16:52:26', '2019-11-03 16:52:38', '2019-11-03 16:52:41', '2019-11-03 16:52:44', NULL, -1, -1),
(5, 1, 2, '003', '003', 'Real', 'face to face', 'off', '2019-11-03 11:52:47', '2019-11-03 16:52:49', '2019-11-03 16:52:50', '2019-11-03 16:53:02', '2019-11-03 16:53:08', NULL, -1, -1),
(5, 1, 3, '003', '003', 'Real', 'face to face', 'off', '2019-11-03 11:53:10', '2019-11-03 16:53:12', '2019-11-03 16:59:12', '2019-11-03 16:59:16', NULL, NULL, -1, -1),
(5, 1, 4, '003', '003', 'Real', 'face to face', 'off', '2019-11-03 12:13:54', '2019-11-03 17:13:56', '2019-11-03 17:13:58', '2019-11-03 17:14:01', NULL, NULL, -1, -1),
(5, 1, 5, '003', '003', 'Real', 'face to face', 'off', '2019-11-03 12:15:35', '2019-11-03 17:15:37', '2019-11-03 17:15:51', '2019-11-03 17:15:58', NULL, NULL, -1, -1),
(1, 1, 1, '004', '004', 'Real', 'face to face', 'on', '2019-11-03 12:19:33', '2019-11-03 17:19:35', '2019-11-03 17:19:40', '2019-11-03 17:19:41', NULL, NULL, -1, -1),
(2, 1, 1, '004', '004', 'Real', 'face to face', 'off', '2019-11-03 12:21:19', '2019-11-03 17:21:21', '2019-11-03 17:21:22', '2019-11-03 17:21:23', NULL, NULL, -1, -1),
(5, 1, 1, '005', '005', 'Real', 'face to face', 'off', '2019-11-03 12:30:43', '2019-11-03 17:30:45', '2019-11-03 17:30:48', '2019-11-03 17:30:49', NULL, NULL, -1, -1),
(3, 1, 1, '005', '005', 'Real', 'face to face', 'off', '2019-11-03 12:32:49', '2019-11-03 17:32:51', NULL, NULL, NULL, NULL, -1, -1),
(3, 1, 2, '005', '005', 'Real', 'face to face', 'off', '2019-11-03 12:32:59', '2019-11-03 17:33:01', '2019-11-03 17:33:03', '2019-11-03 17:33:05', NULL, NULL, -1, -1),
(3, 1, 3, '005', '005', 'Real', 'face to face', 'off', '2019-11-03 12:34:06', '2019-11-03 17:34:08', '2019-11-03 17:34:13', '2019-11-03 17:34:15', NULL, NULL, -1, -1),
(3, 1, 1, '002', '004', 'Real', 'face to face', 'off', '2019-11-03 12:35:17', '2019-11-03 17:35:19', '2019-11-03 17:35:21', '2019-11-03 17:35:23', NULL, NULL, -1, -1),
(3, 1, 1, '005', '005', 'Real', 'face to face', 'off', '2019-11-03 12:37:32', '2019-11-03 17:37:34', '2019-11-03 17:37:40', '2019-11-03 17:37:51', NULL, 5, -1, -1),
(4, 1, 1, '002', '005', 'Real', 'face to face', 'off', '2019-11-03 12:41:01', '2019-11-03 17:41:03', '2019-11-03 17:41:06', '2019-11-03 17:41:07', NULL, 4, -1, -1),
(4, 3, 1, '005', '005', 'Real', 'face to face', 'off', '2019-11-03 12:44:18', '2019-11-03 17:44:20', '2019-11-03 17:44:21', '2019-11-03 17:44:23', NULL, 4, -1, -1),
(5, 1, 1, '005', '005', 'Real', 'face to face', 'off', '2019-11-03 12:47:08', '2019-11-03 17:47:10', '2019-11-03 17:47:12', '2019-11-03 17:47:13', NULL, 4, -1, -1),
(3, 1, 1, '005', '005', 'Real', 'face to face', 'off', '2019-11-03 12:49:15', '2019-11-03 17:49:17', '2019-11-03 17:49:20', '2019-11-03 17:49:21', '2019-11-03 17:49:24', 3, -1, -1),
(3, 1, 2, '005', '005', 'Real', 'face to face', 'off', '2019-11-03 12:49:32', '2019-11-03 17:49:34', NULL, NULL, NULL, NULL, -1, -1),
(5, 1, 1, '005', '005', 'Real', 'face to face', 'off', '2019-11-03 12:54:31', '2019-11-03 17:54:33', '2019-11-03 17:54:35', '2019-11-03 17:54:37', '2019-11-03 17:54:39', 13, -1, -1),
(5, 1, 2, '005', '005', 'Real', 'face to face', 'off', '2019-11-03 12:54:47', '2019-11-03 17:54:49', '2019-11-03 17:54:52', NULL, NULL, NULL, -1, -1),
(9, 1, 1, '005', '005', 'Real', 'face to face', 'off', '2019-11-03 12:56:30', '2019-11-03 17:56:32', '2019-11-03 17:56:46', '2019-11-03 17:56:48', '2019-11-03 17:56:50', NULL, -1, -1),
(7, 1, 1, '005', '005', 'Real', 'face to face', 'off', '2019-11-03 12:58:34', '2019-11-03 17:58:36', '2019-11-03 17:58:38', '2019-11-03 17:58:40', NULL, NULL, -1, -1),
(7, 1, 2, '005', '005', 'Real', 'face to face', 'off', '2019-11-03 12:59:22', '2019-11-03 17:59:24', '2019-11-03 17:59:26', '2019-11-03 17:59:27', NULL, NULL, -1, -1),
(9, 1, 1, '003', '004', 'Real', 'face to face', 'off', '2019-11-03 13:03:16', '2019-11-03 18:03:18', '2019-11-03 18:03:19', '2019-11-03 18:03:21', NULL, NULL, -1, -1),
(9, 1, 2, '003', '004', 'Real', 'face to face', 'off', '2019-11-03 13:03:34', '2019-11-03 18:03:36', '2019-11-03 18:03:38', '2019-11-03 18:03:40', NULL, NULL, -1, -1),
(9, 1, 3, '003', '004', 'Real', 'face to face', 'off', '2019-11-03 13:03:57', '2019-11-03 18:03:59', '2019-11-03 18:04:01', '2019-11-03 18:04:02', NULL, NULL, -1, -1),
(9, 1, 4, '003', '004', 'Real', 'face to face', 'off', '2019-11-03 13:04:25', '2019-11-03 18:04:27', '2019-11-03 18:04:28', '2019-11-03 18:04:29', NULL, NULL, -1, -1),
(0, 1, 1, '002', '005', 'Real', 'face to face', 'off', '2019-11-03 13:05:56', '2019-11-03 18:05:58', '2019-11-03 18:05:59', '2019-11-03 18:06:01', '2019-11-03 18:06:03', 3, -1, -1),
(0, 1, 2, '002', '005', 'Real', 'face to face', 'off', '2019-11-03 13:06:08', '2019-11-03 18:06:10', '2019-11-03 18:06:12', '2019-11-03 18:06:13', '2019-11-03 18:06:17', 14, -1, -1),
(0, 1, 3, '002', '005', 'Real', 'face to face', 'off', '2019-11-03 13:06:22', '2019-11-03 18:06:24', '2019-11-03 18:06:54', '2019-11-03 18:06:57', '2019-11-03 18:07:01', 12, -1, -1),
(0, 1, 4, '002', '005', 'Real', 'face to face', 'off', '2019-11-03 13:07:06', '2019-11-03 18:07:08', NULL, NULL, NULL, NULL, -1, -1),
(9, 1, 1, '005', '005', 'Real', 'face to face', 'off', '2019-11-03 13:08:13', '2019-11-03 18:08:15', '2019-11-03 18:08:16', '2019-11-03 18:08:18', '2019-11-03 18:08:22', 7, -1, -1),
(9, 1, 2, '005', '005', 'Real', 'face to face', 'off', '2019-11-03 13:08:27', '2019-11-03 18:08:29', '2019-11-03 18:08:30', '2019-11-03 18:08:32', '2019-11-03 18:08:36', 3, -1, -1),
(9, 1, 3, '005', '005', 'Real', 'face to face', 'off', '2019-11-03 13:08:40', '2019-11-03 18:08:42', NULL, NULL, NULL, NULL, -1, -1),
(9, 1, 4, '005', '005', 'Real', 'face to face', 'off', '2019-11-03 13:09:45', '2019-11-03 18:09:47', '2019-11-03 18:09:48', '2019-11-03 18:09:49', '2019-11-03 18:09:52', NULL, 4, -1),
(9, 1, 5, '005', '005', 'Real', 'face to face', 'off', '2019-11-03 13:09:57', '2019-11-03 18:09:59', '2019-11-03 18:10:01', '2019-11-03 18:10:02', '2019-11-03 18:10:05', 8, 3, -1),
(9, 1, 6, '005', '005', 'Real', 'face to face', 'off', '2019-11-03 13:10:09', '2019-11-03 18:10:11', NULL, NULL, NULL, NULL, -1, -1),
(1, 1, 1, '005', '005', 'Real', 'face to face', 'on', '2019-11-03 13:10:54', '2019-11-03 18:10:56', '2019-11-03 18:10:59', '2019-11-03 18:11:01', '2019-11-03 18:11:07', NULL, 3, -1),
(1, 1, 2, '005', '005', 'Real', 'face to face', 'on', '2019-11-03 13:11:11', '2019-11-03 18:11:13', '2019-11-03 18:11:15', '2019-11-03 18:11:16', '2019-11-03 18:11:19', 7, 3, -1),
(1, 1, 3, '005', '005', 'Real', 'face to face', 'on', '2019-11-03 13:11:23', '2019-11-03 18:11:25', '2019-11-03 18:11:27', '2019-11-03 18:11:28', '2019-11-03 18:11:30', 14, 4, -1),
(1, 1, 4, '005', '005', 'Real', 'face to face', 'on', '2019-11-03 13:11:34', '2019-11-03 18:11:36', '2019-11-03 18:11:37', '2019-11-03 18:11:38', '2019-11-03 18:11:40', 16, 2, -1),
(1, 1, 5, '005', '005', 'Real', 'face to face', 'on', '2019-11-03 13:11:45', '2019-11-03 18:11:47', '2019-11-03 18:11:48', '2019-11-03 18:11:49', '2019-11-03 18:11:52', NULL, 4, -1),
(1, 1, 6, '005', '005', 'Real', 'face to face', 'on', '2019-11-03 13:11:57', '2019-11-03 18:11:59', NULL, NULL, NULL, NULL, -1, -1),
(8, 1, 1, '001', '002', 'Real', 'face to face', 'off', '2019-11-03 13:16:27', '2019-11-03 18:16:29', '2019-11-03 18:16:30', '2019-11-03 18:16:31', '2019-11-03 18:16:42', 4, -1, -1),
(8, 1, 2, '001', '002', 'Real', 'face to face', 'off', '2019-11-03 13:16:54', '2019-11-03 18:16:56', '2019-11-03 18:16:58', '2019-11-03 18:17:01', '2019-11-03 18:17:06', 14, 4, -1),
(8, 1, 3, '001', '002', 'Real', 'face to face', 'off', '2019-11-03 13:17:12', '2019-11-03 18:17:14', '2019-11-03 18:17:15', '2019-11-03 18:17:18', '2019-11-03 18:17:20', 13, 2, -1),
(8, 1, 4, '001', '002', 'Real', 'face to face', 'off', '2019-11-03 13:17:25', '2019-11-03 18:17:27', '2019-11-03 18:17:28', '2019-11-03 18:17:29', '2019-11-03 18:17:31', 13, 2, -1),
(8, 1, 5, '001', '002', 'Real', 'face to face', 'off', '2019-11-03 13:17:39', '2019-11-03 18:17:41', '2019-11-03 18:17:42', '2019-11-03 18:17:44', '2019-11-03 18:17:46', 10, 3, -1),
(8, 1, 6, '001', '002', 'Real', 'face to face', 'off', '2019-11-03 13:17:51', '2019-11-03 18:17:53', '2019-11-03 18:17:54', '2019-11-03 18:17:56', NULL, NULL, -1, -1),
(7, 1, 1, '006', '006', 'Real', 'face to face', 'off', '2019-11-03 13:20:39', '2019-11-03 18:20:41', '2019-11-03 18:20:44', '2019-11-03 18:20:47', '2019-11-03 18:20:49', 6, 2, -1),
(7, 1, 2, '006', '006', 'Real', 'face to face', 'off', '2019-11-03 13:20:54', '2019-11-03 18:20:56', '2019-11-03 18:20:58', '2019-11-03 18:21:00', '2019-11-03 18:21:02', 13, 3, -1),
(7, 1, 3, '006', '006', 'Real', 'face to face', 'off', '2019-11-03 13:21:07', '2019-11-03 18:21:09', '2019-11-03 18:21:10', '2019-11-03 18:21:12', '2019-11-03 18:21:14', 14, 3, -1),
(7, 1, 4, '006', '006', 'Real', 'face to face', 'off', '2019-11-03 13:21:18', '2019-11-03 18:21:20', '2019-11-03 18:21:21', '2019-11-03 18:21:24', '2019-11-03 18:21:25', 12, 2, -1),
(7, 1, 5, '006', '006', 'Real', 'face to face', 'off', '2019-11-03 13:21:30', '2019-11-03 18:21:32', '2019-11-03 18:21:32', '2019-11-03 18:21:34', '2019-11-03 18:21:35', 13, 4, -1),
(7, 1, 6, '006', '006', 'Real', 'face to face', 'off', '2019-11-03 13:21:41', '2019-11-03 18:21:43', '2019-11-03 18:21:45', '2019-11-03 18:21:46', '2019-11-03 18:21:48', 14, 2, -1),
(7, 1, 7, '006', '006', 'Real', 'face to face', 'off', '2019-11-03 13:21:52', '2019-11-03 18:21:54', NULL, NULL, NULL, NULL, -1, -1);

-- --------------------------------------------------------

--
-- Table structure for table `state`
--

CREATE TABLE `state` (
  `p_state` int(11) NOT NULL DEFAULT 0,
  `o_state` int(11) NOT NULL DEFAULT 0,
  `trial_number` int(11) NOT NULL DEFAULT -1
) ENGINE=InnoDB DEFAULT CHARSET=latin1;

--
-- Dumping data for table `state`
--

INSERT INTO `state` (`p_state`, `o_state`, `trial_number`) VALUES
(2, 1, 7);

-- --------------------------------------------------------

--
-- Table structure for table `test_number`
--

CREATE TABLE `test_number` (
  `trial_number` int(11) NOT NULL DEFAULT 0,
  `Set_1` int(11) DEFAULT 0,
  `Set_2` int(11) NOT NULL DEFAULT 0,
  `Set_3` int(11) NOT NULL DEFAULT 0
) ENGINE=InnoDB DEFAULT CHARSET=latin1;

--
-- Dumping data for table `test_number`
--

INSERT INTO `test_number` (`trial_number`, `Set_1`, `Set_2`, `Set_3`) VALUES
(1, 0, 16, 0),
(2, 0, 4, 0),
(3, 0, 8, 0),
(4, 0, 11, 0),
(5, 0, 13, 0),
(6, 0, 1, 0);
COMMIT;

/*!40101 SET CHARACTER_SET_CLIENT=@OLD_CHARACTER_SET_CLIENT */;
/*!40101 SET CHARACTER_SET_RESULTS=@OLD_CHARACTER_SET_RESULTS */;
/*!40101 SET COLLATION_CONNECTION=@OLD_COLLATION_CONNECTION */;
