-- phpMyAdmin SQL Dump
-- version 4.9.0.1
-- https://www.phpmyadmin.net/
--
-- Host: localhost
-- Generation Time: Nov 04, 2019 at 06:04 PM
-- Server version: 10.4.6-MariaDB
-- PHP Version: 7.3.9

SET SQL_MODE = "NO_AUTO_VALUE_ON_ZERO";
SET AUTOCOMMIT = 0;
START TRANSACTION;
SET time_zone = "+00:00";


/*!40101 SET @OLD_CHARACTER_SET_CLIENT=@@CHARACTER_SET_CLIENT */;
/*!40101 SET @OLD_CHARACTER_SET_RESULTS=@@CHARACTER_SET_RESULTS */;
/*!40101 SET @OLD_COLLATION_CONNECTION=@@COLLATION_CONNECTION */;
/*!40101 SET NAMES utf8mb4 */;

--
-- Database: `AR_R`
--

-- --------------------------------------------------------

--
-- Table structure for table `experiment_info`
--

CREATE TABLE `experiment_info` (
  `session_id` int(11) NOT NULL DEFAULT -1,
  `experiment_id` int(11) NOT NULL DEFAULT -1,
  `pointer_id` varchar(200) DEFAULT NULL,
  `observer_id` varchar(200) DEFAULT NULL,
  `virtual_type` varchar(200) DEFAULT NULL,
  `spatial_type` varchar(200) DEFAULT NULL,
  `rehearsal` varchar(200) NOT NULL DEFAULT 'on',
  `date` timestamp NOT NULL DEFAULT current_timestamp()
) ENGINE=InnoDB DEFAULT CHARSET=latin1;

--
-- Dumping data for table `experiment_info`
--

INSERT INTO `experiment_info` (`session_id`, `experiment_id`, `pointer_id`, `observer_id`, `virtual_type`, `spatial_type`, `rehearsal`, `date`) VALUES
(0, 1, '000', '000', 'Real', 'face to face', 'on', '2019-11-04 03:06:23'),
(1, 2, '001', '001', 'Real', 'face to face', 'on', '2019-11-04 03:08:00'),
(2, 2, '002', '002', 'Real', 'face to face', 'on', '2019-11-04 03:14:08'),
(3, 1, '003', '003', 'Real', 'face to face', 'off', '2019-11-04 03:18:43'),
(4, 3, '004', '004', 'Real', 'face to face', 'on', '2019-11-04 03:22:54'),
(5, 1, '005', '005', 'Real', 'face to face', 'on', '2019-11-04 03:26:34'),
(5, 1, '005', '005', 'Real', 'face to face', 'on', '2019-11-04 03:28:04'),
(6, 1, '006', '006', 'Real', 'face to face', 'off', '2019-11-04 03:42:21'),
(6, 5, '006', '006', 'Real', 'face to face', 'on', '2019-11-04 03:43:47'),
(6, 1, '006', '006', 'Real', 'face to face', 'off', '2019-11-04 03:45:31'),
(6, 1, '006', '006', 'Real', 'face to face', 'on', '2019-11-04 03:49:57'),
(6, 1, '006', '006', 'Real', 'face to face', 'on', '2019-11-04 03:52:54'),
(6, 1, '006', '006', 'Real', 'face to face', 'on', '2019-11-04 03:55:41'),
(7, 1, '007', '007', 'Real', 'face to face', 'on', '2019-11-04 03:57:23'),
(7, 7, '007', '007', 'Real', 'face to face', 'on', '2019-11-04 04:00:58'),
(88, 8, '888', '999', 'Real', 'face to face', 'on', '2019-11-04 04:08:15'),
(7, 7, '777', '666', 'Real', 'face to face', 'off', '2019-11-04 04:10:45'),
(11, 1, '010', '110', 'Real', 'face to face', 'on', '2019-11-04 12:42:56'),
(11, 1, '100', '100', 'Real', 'face to face', 'on', '2019-11-04 12:45:39'),
(4, 1, '100', '100', 'Real', 'face to face', 'on', '2019-11-04 12:46:55'),
(6, 1, '001', '005', 'Real', 'face to face', 'on', '2019-11-04 12:48:55'),
(5, 1, '100', '100', 'Real', 'face to face', 'on', '2019-11-04 12:50:55'),
(6, 1, '005', '006', 'Real', 'face to face', 'on', '2019-11-04 12:54:06'),
(6, 3, '005', '002', 'Real', 'face to face', 'on', '2019-11-04 12:55:49'),
(5, 1, '005', '005', 'Real', 'face to face', 'on', '2019-11-04 12:58:00'),
(6, 1, '002', '002', 'Real', 'face to face', 'on', '2019-11-04 12:58:59'),
(5, 1, '005', '005', 'Real', 'face to face', 'on', '2019-11-04 12:59:39'),
(5, 1, '005', '005', 'Real', 'face to face', 'on', '2019-11-04 13:00:13'),
(8, 1, '005', '006', 'Real', 'face to face', 'on', '2019-11-04 13:01:45'),
(5, 1, '005', '005', 'Real', 'face to face', 'on', '2019-11-04 13:03:08'),
(5, 1, '005', '005', 'Real', 'face to face', 'on', '2019-11-04 13:12:02'),
(5, 1, '001', '005', 'Real', 'face to face', 'on', '2019-11-04 13:13:22'),
(5, 1, '005', '005', 'Real', 'face to face', 'on', '2019-11-04 13:14:33'),
(4, 1, '005', '002', 'Real', 'face to face', 'on', '2019-11-04 13:15:47'),
(4, 1, '005', '005', 'Real', 'face to face', 'on', '2019-11-04 13:16:38'),
(5, 1, '005', '005', 'Real', 'face to face', 'on', '2019-11-04 13:18:32'),
(5, 1, '005', '005', 'Real', 'face to face', 'on', '2019-11-04 13:20:48'),
(4, 1, '005', '005', 'Real', 'face to face', 'on', '2019-11-04 13:23:44'),
(5, 1, '001', '005', 'Real', 'face to face', 'on', '2019-11-04 13:26:10'),
(5, 1, '001', '005', 'Real', 'face to face', 'on', '2019-11-04 13:26:58'),
(4, 1, '001', '005', 'Real', 'face to face', 'on', '2019-11-04 13:27:18'),
(5, 1, '005', '005', 'Real', 'face to face', 'on', '2019-11-04 13:28:35'),
(5, 1, '005', '005', 'Real', 'face to face', 'on', '2019-11-04 13:29:45'),
(4, 1, '005', '005', 'Real', 'face to face', 'on', '2019-11-04 13:30:55'),
(5, 1, '005', '005', 'Real', 'face to face', 'on', '2019-11-04 13:32:22'),
(5, 1, '005', '005', 'Real', 'face to face', 'on', '2019-11-04 13:34:15'),
(5, 1, '005', '005', 'Real', 'face to face', 'on', '2019-11-04 13:35:21'),
(5, 1, '005', '005', 'Real', 'face to face', 'on', '2019-11-04 13:35:56'),
(5, 1, '005', '005', 'Real', 'face to face', 'on', '2019-11-04 13:36:50'),
(5, 1, '005', '005', 'Real', 'face to face', 'on', '2019-11-04 13:37:16'),
(5, 1, '005', '005', 'Real', 'face to face', 'on', '2019-11-04 13:38:48'),
(5, 1, '005', '005', 'Real', 'face to face', 'on', '2019-11-04 13:40:16'),
(5, 1, '005', '005', 'Real', 'face to face', 'on', '2019-11-04 13:41:07'),
(2, 1, '001', '005', 'Real', 'face to face', 'on', '2019-11-04 13:43:07'),
(5, 1, '005', '005', 'Real', 'face to face', 'on', '2019-11-04 13:44:05'),
(4, 1, '005', '005', 'Real', 'face to face', 'on', '2019-11-04 14:15:23'),
(4, 1, '005', '005', 'Real', 'face to face', 'on', '2019-11-04 14:16:55'),
(4, 1, '005', '005', 'Real', 'face to face', 'on', '2019-11-04 14:18:56'),
(4, 1, '001', '005', 'Real', 'face to face', 'on', '2019-11-04 14:20:48'),
(5, 1, '005', '005', 'Real', 'face to face', 'on', '2019-11-04 14:23:48'),
(4, 1, '005', '005', 'Real', 'face to face', 'on', '2019-11-04 14:25:43'),
(4, 1, '001', '005', 'Real', 'face to face', 'on', '2019-11-04 14:34:39'),
(4, 1, '005', '005', 'Real', 'face to face', 'on', '2019-11-04 14:36:07'),
(3, 1, '005', '005', 'Real', 'face to face', 'on', '2019-11-04 14:37:10'),
(3, 1, '005', '005', 'Real', 'face to face', 'on', '2019-11-04 14:40:33'),
(2, 4, '001', '005', 'Real', 'face to face', 'on', '2019-11-04 14:44:25'),
(4, 1, '005', '002', 'Real', 'face to face', 'on', '2019-11-04 14:48:22'),
(3, 1, '005', '005', 'Real', 'face to face', 'on', '2019-11-04 14:50:24'),
(6, 1, '005', '005', 'Real', 'face to face', 'on', '2019-11-04 14:53:46'),
(5, 1, '005', '005', 'Real', 'face to face', 'on', '2019-11-04 14:57:06'),
(4, 1, '005', '002', 'Real', 'face to face', 'on', '2019-11-04 14:58:22'),
(4, 1, '002', '005', 'Real', 'face to face', 'on', '2019-11-04 14:59:11'),
(6, 1, '001', '005', 'Real', 'face to face', 'on', '2019-11-04 15:01:39'),
(900, 1, '900', '900', 'Real', 'face to face', 'on', '2019-11-04 15:07:55'),
(4, 1, '001', '002', 'Real', 'face to face', 'on', '2019-11-04 15:08:22'),
(8, 1, '005', '005', 'Real', 'face to face', 'on', '2019-11-04 15:09:36'),
(4, 1, '001', '005', 'Real', 'face to face', 'on', '2019-11-04 15:10:32'),
(3, 1, '001', '005', 'Real', 'face to face', 'on', '2019-11-04 15:10:53'),
(2, 1, '001', '005', 'Real', 'face to face', 'on', '2019-11-04 15:14:05'),
(5, 1, '005', '005', 'Real', 'face to face', 'on', '2019-11-04 15:16:33'),
(4, 1, '900', '900', 'Real', 'face to face', 'on', '2019-11-04 15:18:02'),
(2, 1, '005', '005', 'Real', 'face to face', 'on', '2019-11-04 15:25:40'),
(2, 1, '001', '005', 'Real', 'face to face', 'on', '2019-11-04 15:26:05'),
(9, 1, '999', '999', 'Real', 'face to face', 'on', '2019-11-04 15:30:12'),
(3, 1, '005', '005', 'Real', 'face to face', 'on', '2019-11-04 15:38:04'),
(4, 3, '001', '005', 'Real', 'face to face', 'on', '2019-11-04 15:52:58'),
(99, 1, '005', '002', 'Real', 'face to face', 'on', '2019-11-04 15:55:12'),
(2, 1, '001', '005', 'Real', 'face to face', 'on', '2019-11-04 15:55:35'),
(2, 1, '005', '005', 'Real', 'face to face', 'on', '2019-11-04 15:57:51'),
(3, 1, '005', '005', 'Real', 'face to face', 'on', '2019-11-04 16:02:05'),
(2, 1, '005', '005', 'Real', 'face to face', 'on', '2019-11-04 16:06:39'),
(1, 1, '001', '002', 'Real', 'face to face', 'on', '2019-11-04 16:58:00'),
(1, 1, '001', '002', 'Real', 'face to face', 'on', '2019-11-04 16:58:45');

-- --------------------------------------------------------

--
-- Table structure for table `raw_data`
--

CREATE TABLE `raw_data` (
  `session_id` int(11) NOT NULL DEFAULT -1,
  `experiment_id` int(11) NOT NULL DEFAULT 0,
  `trial_number` int(11) NOT NULL DEFAULT -1,
  `pointer_ID` varchar(200) DEFAULT NULL,
  `observer_ID` varchar(200) DEFAULT NULL,
  `virtual_type` text DEFAULT NULL,
  `spatial_type` text DEFAULT NULL,
  `rehearsal` varchar(11) DEFAULT 'on',
  `date` varchar(200) DEFAULT current_timestamp(),
  `T1` timestamp NULL DEFAULT NULL,
  `T2` timestamp NULL DEFAULT NULL,
  `T3` timestamp NULL DEFAULT NULL,
  `T4` timestamp NULL DEFAULT NULL,
  `identified_number` int(11) DEFAULT NULL,
  `confidence_level` int(11) DEFAULT -1,
  `testing_number_set` int(11) NOT NULL DEFAULT -1
) ENGINE=InnoDB DEFAULT CHARSET=latin1;

--
-- Dumping data for table `raw_data`
--

INSERT INTO `raw_data` (`session_id`, `experiment_id`, `trial_number`, `pointer_ID`, `observer_ID`, `virtual_type`, `spatial_type`, `rehearsal`, `date`, `T1`, `T2`, `T3`, `T4`, `identified_number`, `confidence_level`, `testing_number_set`) VALUES
(9, 1, 4, '005', '005', 'Real', 'face to face', 'off', '2019-11-03 13:09:45', '2019-11-03 18:09:47', '2019-11-03 18:09:48', '2019-11-03 18:09:49', '2019-11-03 18:09:52', NULL, 4, -1),
(9, 1, 5, '005', '005', 'Real', 'face to face', 'off', '2019-11-03 13:09:57', '2019-11-03 18:09:59', '2019-11-03 18:10:01', '2019-11-03 18:10:02', '2019-11-03 18:10:05', 8, 3, -1),
(1, 1, 1, '005', '005', 'Real', 'face to face', 'on', '2019-11-03 13:10:54', '2019-11-03 18:10:56', '2019-11-03 18:10:59', '2019-11-03 18:11:01', '2019-11-03 18:11:07', NULL, 3, -1),
(1, 1, 2, '005', '005', 'Real', 'face to face', 'on', '2019-11-03 13:11:11', '2019-11-03 18:11:13', '2019-11-03 18:11:15', '2019-11-03 18:11:16', '2019-11-03 18:11:19', 7, 3, -1),
(1, 1, 3, '005', '005', 'Real', 'face to face', 'on', '2019-11-03 13:11:23', '2019-11-03 18:11:25', '2019-11-03 18:11:27', '2019-11-03 18:11:28', '2019-11-03 18:11:30', 14, 4, -1),
(1, 1, 4, '005', '005', 'Real', 'face to face', 'on', '2019-11-03 13:11:34', '2019-11-03 18:11:36', '2019-11-03 18:11:37', '2019-11-03 18:11:38', '2019-11-03 18:11:40', 16, 2, -1),
(1, 1, 5, '005', '005', 'Real', 'face to face', 'on', '2019-11-03 13:11:45', '2019-11-03 18:11:47', '2019-11-03 18:11:48', '2019-11-03 18:11:49', '2019-11-03 18:11:52', NULL, 4, -1),
(8, 1, 2, '001', '002', 'Real', 'face to face', 'off', '2019-11-03 13:16:54', '2019-11-03 18:16:56', '2019-11-03 18:16:58', '2019-11-03 18:17:01', '2019-11-03 18:17:06', 14, 4, -1),
(8, 1, 3, '001', '002', 'Real', 'face to face', 'off', '2019-11-03 13:17:12', '2019-11-03 18:17:14', '2019-11-03 18:17:15', '2019-11-03 18:17:18', '2019-11-03 18:17:20', 13, 2, -1),
(8, 1, 4, '001', '002', 'Real', 'face to face', 'off', '2019-11-03 13:17:25', '2019-11-03 18:17:27', '2019-11-03 18:17:28', '2019-11-03 18:17:29', '2019-11-03 18:17:31', 13, 2, -1),
(8, 1, 5, '001', '002', 'Real', 'face to face', 'off', '2019-11-03 13:17:39', '2019-11-03 18:17:41', '2019-11-03 18:17:42', '2019-11-03 18:17:44', '2019-11-03 18:17:46', 10, 3, -1),
(7, 1, 1, '006', '006', 'Real', 'face to face', 'off', '2019-11-03 13:20:39', '2019-11-03 18:20:41', '2019-11-03 18:20:44', '2019-11-03 18:20:47', '2019-11-03 18:20:49', 6, 2, -1),
(7, 1, 2, '006', '006', 'Real', 'face to face', 'off', '2019-11-03 13:20:54', '2019-11-03 18:20:56', '2019-11-03 18:20:58', '2019-11-03 18:21:00', '2019-11-03 18:21:02', 13, 3, -1),
(7, 1, 3, '006', '006', 'Real', 'face to face', 'off', '2019-11-03 13:21:07', '2019-11-03 18:21:09', '2019-11-03 18:21:10', '2019-11-03 18:21:12', '2019-11-03 18:21:14', 14, 3, -1),
(7, 1, 4, '006', '006', 'Real', 'face to face', 'off', '2019-11-03 13:21:18', '2019-11-03 18:21:20', '2019-11-03 18:21:21', '2019-11-03 18:21:24', '2019-11-03 18:21:25', 12, 2, -1),
(7, 1, 5, '006', '006', 'Real', 'face to face', 'off', '2019-11-03 13:21:30', '2019-11-03 18:21:32', '2019-11-03 18:21:32', '2019-11-03 18:21:34', '2019-11-03 18:21:35', 13, 4, -1),
(7, 1, 6, '006', '006', 'Real', 'face to face', 'off', '2019-11-03 13:21:41', '2019-11-03 18:21:43', '2019-11-03 18:21:45', '2019-11-03 18:21:46', '2019-11-03 18:21:48', 14, 2, -1),
(4, 1, 1, '002', '005', 'Real', 'face to face', 'off', '2019-11-03 16:54:55', '2019-11-03 21:54:57', '2019-11-03 21:55:06', '2019-11-03 21:55:09', '2019-11-03 21:55:12', 4, 4, -1),
(0, 1, 1, '005', '005', 'Real', 'face to face', 'off', '2019-11-03 16:56:44', '2019-11-03 21:56:46', '2019-11-03 21:56:49', '2019-11-03 21:56:51', '2019-11-03 21:56:54', 7, 2, -1),
(2, 1, 1, '005', '005', 'Real', 'face to face', 'off', '2019-11-03 16:58:37', '2019-11-03 21:58:39', '2019-11-03 21:58:42', '2019-11-03 21:58:44', '2019-11-03 21:58:49', 5, 4, -1),
(2, 1, 3, '005', '005', 'Real', 'face to face', 'off', '2019-11-03 16:59:14', '2019-11-03 21:59:14', '2019-11-03 21:59:20', '2019-11-03 21:59:22', '2019-11-03 21:59:26', 12, 4, -1),
(3, 1, 5, '002', '002', 'Real', 'face to face', 'off', '2019-11-03 17:59:50', '2019-11-03 22:59:51', '2019-11-03 22:59:53', '2019-11-03 22:59:54', '2019-11-03 22:59:57', 5, 5, -1),
(5, 6, 1, '005', '002', 'Real', 'face to face', 'off', '2019-11-03 18:16:55', '2019-11-03 23:16:57', '2019-11-03 23:16:57', '2019-11-03 23:16:59', '2019-11-03 23:17:57', 16, 4, -1),
(5, 6, 3, '005', '002', 'Real', 'face to face', 'off', '2019-11-03 18:18:24', '2019-11-03 23:18:25', '2019-11-03 23:18:27', '2019-11-03 23:18:30', '2019-11-03 23:18:35', 12, 4, -1),
(5, 6, 6, '005', '002', 'Real', 'face to face', 'off', '2019-11-03 18:27:21', '2019-11-03 23:27:23', '2019-11-03 23:27:32', '2019-11-03 23:27:35', '2019-11-03 23:27:39', 13, 4, -1),
(0, 1, 1, '000', '000', 'Real', 'face to face', 'on', '2019-11-03 22:06:33', '2019-11-04 03:06:35', '2019-11-04 03:06:48', '2019-11-04 03:06:52', '2019-11-04 03:06:56', 13, 3, -1),
(1, 2, 1, '001', '001', 'Real', 'face to face', 'on', '2019-11-03 22:08:06', '2019-11-04 03:08:18', '2019-11-04 03:08:09', '2019-11-04 03:08:11', '2019-11-04 03:08:14', 4, 4, -1),
(1, 2, 3, '001', '001', 'Real', 'face to face', 'on', '2019-11-03 22:08:21', '2019-11-04 03:08:31', '2019-11-04 03:08:24', '2019-11-04 03:08:27', '2019-11-04 03:08:28', 12, 3, -1),
(2, 2, 2, '002', '002', 'Real', 'face to face', 'on', '2019-11-03 22:14:23', '2019-11-04 03:14:42', '2019-11-04 03:14:33', '2019-11-04 03:14:35', '2019-11-04 03:14:37', 3, 3, -1),
(2, 2, 4, '002', '002', 'Real', 'face to face', 'on', '2019-11-03 22:14:43', '2019-11-04 03:14:46', '2019-11-04 03:14:47', '2019-11-04 03:14:50', '2019-11-04 03:14:52', 4, 7, -1),
(2, 2, 5, '002', '002', 'Real', 'face to face', 'on', '2019-11-03 22:14:56', '2019-11-04 03:14:58', '2019-11-04 03:14:59', '2019-11-04 03:15:02', '2019-11-04 03:15:03', 5, 4, -1),
(4, 3, 1, '004', '004', 'Real', 'face to face', 'on', '2019-11-03 22:23:01', '2019-11-04 03:23:03', '2019-11-04 03:23:11', '2019-11-04 03:23:14', '2019-11-04 03:23:16', 3, 4, -1),
(4, 3, 3, '004', '004', 'Real', 'face to face', 'on', '2019-11-03 22:23:25', '2019-11-04 03:23:43', '2019-11-04 03:23:27', '2019-11-04 03:23:33', '2019-11-04 03:23:36', 2, 4, -1),
(6, 5, 1, '006', '006', 'Real', 'face to face', 'on', '2019-11-03 22:43:54', '2019-11-04 03:43:56', '2019-11-04 03:43:59', '2019-11-04 03:44:02', '2019-11-04 03:44:04', 2, 4, -1),
(7, 1, 1, '007', '007', 'Real', 'face to face', 'on', '2019-11-03 22:57:29', '2019-11-04 03:57:31', '2019-11-04 03:57:39', '2019-11-04 03:57:44', '2019-11-04 03:57:47', 2, 3, -1),
(7, 1, 2, '007', '007', 'Real', 'face to face', 'on', '2019-11-03 22:57:53', '2019-11-04 03:57:55', '2019-11-04 03:57:59', '2019-11-04 03:58:07', '2019-11-04 03:58:09', 2, 4, -1),
(7, 7, 1, '007', '007', 'Real', 'face to face', 'on', '2019-11-03 23:01:05', '2019-11-04 04:01:07', '2019-11-04 04:01:08', '2019-11-04 04:01:10', '2019-11-04 04:01:14', 4, 3, -1),
(7, 7, 2, '007', '007', 'Real', 'face to face', 'on', '2019-11-03 23:01:21', '2019-11-04 04:01:23', '2019-11-04 04:01:25', '2019-11-04 04:01:27', '2019-11-04 04:01:33', 11, 4, -1),
(7, 7, 3, '007', '007', 'Real', 'face to face', 'on', '2019-11-03 23:01:40', '2019-11-04 04:01:42', '2019-11-04 04:01:44', '2019-11-04 04:01:45', '2019-11-04 04:01:47', 12, 4, -1),
(7, 7, 4, '007', '007', 'Real', 'face to face', 'on', '2019-11-03 23:01:54', '2019-11-04 04:01:56', '2019-11-04 04:01:59', '2019-11-04 04:02:01', '2019-11-04 04:02:05', 3, -1, -1),
(88, 8, 1, '888', '999', 'Real', 'face to face', 'on', '2019-11-03 23:08:30', '2019-11-04 04:08:32', '2019-11-04 04:08:35', '2019-11-04 04:08:39', '2019-11-04 04:08:47', 4, 4, -1),
(88, 8, 2, '888', '999', 'Real', 'face to face', 'on', '2019-11-03 23:08:55', '2019-11-04 04:08:57', '2019-11-04 04:09:00', '2019-11-04 04:09:04', '2019-11-04 04:09:07', 13, 4, -1),
(88, 8, 3, '888', '999', 'Real', 'face to face', 'on', '2019-11-03 23:09:16', '2019-11-04 04:09:18', '2019-11-04 04:09:20', '2019-11-04 04:09:24', '2019-11-04 04:09:27', 13, 5, -1),
(88, 8, 4, '888', '999', 'Real', 'face to face', 'on', '2019-11-03 23:09:34', '2019-11-04 04:09:36', NULL, NULL, NULL, NULL, -1, -1),
(7, 7, 1, '777', '666', 'Real', 'face to face', 'off', '2019-11-03 23:10:55', '2019-11-04 04:10:57', '2019-11-04 04:10:58', '2019-11-04 04:11:00', '2019-11-04 04:11:03', 14, 4, -1),
(7, 7, 2, '777', '666', 'Real', 'face to face', 'off', '2019-11-03 23:11:10', '2019-11-04 04:11:12', '2019-11-04 04:11:13', '2019-11-04 04:11:16', '2019-11-04 04:11:21', 13, 4, -1),
(7, 7, 3, '777', '666', 'Real', 'face to face', 'off', '2019-11-03 23:11:28', '2019-11-04 04:11:30', '2019-11-04 04:11:36', '2019-11-04 04:11:38', '2019-11-04 04:11:40', 14, 4, -1),
(7, 7, 4, '777', '666', 'Real', 'face to face', 'off', '2019-11-03 23:11:47', '2019-11-04 04:11:49', NULL, NULL, NULL, NULL, -1, -1),
(11, 1, 1, '010', '110', 'Real', 'face to face', 'on', '2019-11-04 07:43:10', '2019-11-04 12:43:12', '2019-11-04 12:43:48', '2019-11-04 12:43:51', '2019-11-04 12:43:58', 12, 3, -1),
(11, 1, 2, '010', '110', 'Real', 'face to face', 'on', '2019-11-04 07:44:04', '2019-11-04 12:44:06', NULL, NULL, NULL, NULL, -1, -1),
(11, 1, 1, '100', '100', 'Real', 'face to face', 'on', '2019-11-04 07:45:46', '2019-11-04 12:45:48', '2019-11-04 12:45:55', NULL, NULL, NULL, -1, -1),
(4, 1, 1, '100', '100', 'Real', 'face to face', 'on', '2019-11-04 07:47:21', '2019-11-04 12:47:23', '2019-11-04 12:47:27', '2019-11-04 12:47:29', '2019-11-04 12:47:36', NULL, 3, -1),
(4, 1, 2, '100', '100', 'Real', 'face to face', 'on', '2019-11-04 07:47:46', '2019-11-04 12:49:01', NULL, NULL, NULL, NULL, -1, -1),
(6, 1, 1, '001', '005', 'Real', 'face to face', 'on', '2019-11-04 07:49:03', '2019-11-04 12:49:05', '2019-11-04 12:49:09', '2019-11-04 12:49:12', '2019-11-04 12:49:15', 13, 4, -1),
(6, 1, 2, '001', '005', 'Real', 'face to face', 'on', '2019-11-04 07:49:22', '2019-11-04 12:49:24', NULL, NULL, NULL, NULL, -1, -1),
(5, 1, 1, '100', '100', 'Real', 'face to face', 'on', '2019-11-04 07:51:06', '2019-11-04 12:51:08', NULL, NULL, NULL, NULL, -1, -1),
(6, 1, 1, '005', '006', 'Real', 'face to face', 'on', '2019-11-04 07:54:14', '2019-11-04 12:54:15', NULL, NULL, NULL, NULL, -1, -1),
(6, 3, 1, '005', '002', 'Real', 'face to face', 'on', '2019-11-04 07:55:57', '2019-11-04 12:55:59', '2019-11-04 12:56:02', NULL, NULL, NULL, -1, -1),
(5, 1, 1, '005', '005', 'Real', 'face to face', 'on', '2019-11-04 07:58:07', '2019-11-04 12:58:08', '2019-11-04 12:58:10', NULL, NULL, NULL, -1, -1),
(6, 1, 1, '002', '002', 'Real', 'face to face', 'on', '2019-11-04 07:59:03', '2019-11-04 12:59:04', '2019-11-04 12:59:11', NULL, NULL, NULL, -1, -1),
(5, 1, 1, '005', '005', 'Real', 'face to face', 'on', '2019-11-04 07:59:45', '2019-11-04 12:59:47', '2019-11-04 12:59:49', NULL, NULL, NULL, -1, -1),
(5, 1, 1, '005', '005', 'Real', 'face to face', 'on', '2019-11-04 08:00:20', '2019-11-04 13:00:21', '2019-11-04 13:00:28', '2019-11-04 13:00:31', '2019-11-04 13:00:36', 2, 3, -1),
(5, 1, 2, '005', '005', 'Real', 'face to face', 'on', '2019-11-04 08:00:44', '2019-11-04 13:00:45', NULL, NULL, NULL, NULL, -1, -1),
(8, 1, 1, '005', '006', 'Real', 'face to face', 'on', '2019-11-04 08:01:54', '2019-11-04 13:01:55', NULL, NULL, NULL, NULL, -1, -1),
(5, 1, 1, '005', '005', 'Real', 'face to face', 'on', '2019-11-04 08:03:15', '2019-11-04 13:03:16', '2019-11-04 13:03:19', '2019-11-04 13:03:24', NULL, NULL, -1, -1),
(4, 1, 1, '005', '002', 'Real', 'face to face', 'on', '2019-11-04 08:15:53', '2019-11-04 13:15:54', '2019-11-04 13:16:52', '2019-11-04 13:16:54', '2019-11-04 13:16:57', 3, 3, -1),
(4, 1, 1, '005', '005', 'Real', 'face to face', 'on', '2019-11-04 08:17:02', NULL, NULL, NULL, NULL, NULL, -1, -1),
(4, 1, 2, '005', '005', 'Real', 'face to face', 'on', '2019-11-04 08:17:03', '2019-11-04 13:17:04', NULL, NULL, NULL, NULL, -1, -1),
(5, 1, 1, '005', '005', 'Real', 'face to face', 'on', '2019-11-04 08:18:37', '2019-11-04 13:18:38', '2019-11-04 13:18:43', '2019-11-04 13:18:46', '2019-11-04 13:18:48', 2, 4, -1),
(5, 1, 2, '005', '005', 'Real', 'face to face', 'on', '2019-11-04 08:18:54', '2019-11-04 13:18:55', '2019-11-04 13:19:02', NULL, NULL, NULL, -1, -1),
(5, 1, 1, '005', '005', 'Real', 'face to face', 'on', '2019-11-04 08:20:53', '2019-11-04 13:20:54', '2019-11-04 13:20:55', NULL, NULL, NULL, -1, -1),
(4, 1, 1, '005', '005', 'Real', 'face to face', 'on', '2019-11-04 08:23:51', '2019-11-04 13:23:52', '2019-11-04 13:23:54', NULL, NULL, NULL, -1, -1),
(5, 1, 1, '001', '005', 'Real', 'face to face', 'on', '2019-11-04 08:26:16', '2019-11-04 13:26:17', NULL, NULL, NULL, NULL, -1, -1),
(5, 1, 1, '001', '005', 'Real', 'face to face', 'on', '2019-11-04 08:27:02', '2019-11-04 13:27:04', NULL, NULL, NULL, NULL, -1, -1),
(4, 1, 1, '001', '005', 'Real', 'face to face', 'on', '2019-11-04 08:27:25', '2019-11-04 13:27:26', '2019-11-04 13:27:28', '2019-11-04 13:27:33', '2019-11-04 13:27:36', 3, 4, -1),
(4, 1, 2, '001', '005', 'Real', 'face to face', 'on', '2019-11-04 08:27:42', '2019-11-04 13:27:43', '2019-11-04 13:27:45', NULL, NULL, NULL, -1, -1),
(5, 1, 1, '005', '005', 'Real', 'face to face', 'on', '2019-11-04 08:28:42', '2019-11-04 13:28:43', NULL, NULL, NULL, NULL, -1, -1),
(5, 1, 1, '005', '005', 'Real', 'face to face', 'on', '2019-11-04 08:29:53', '2019-11-04 13:29:54', NULL, NULL, NULL, NULL, -1, -1),
(4, 1, 1, '005', '005', 'Real', 'face to face', 'on', '2019-11-04 08:31:01', '2019-11-04 13:31:02', '2019-11-04 13:32:29', '2019-11-04 13:32:31', '2019-11-04 13:32:34', 11, 2, -1),
(5, 1, 1, '005', '005', 'Real', 'face to face', 'on', '2019-11-04 08:32:38', NULL, '2019-11-04 13:32:40', '2019-11-04 13:32:43', '2019-11-04 13:32:45', 2, 2, -1),
(5, 1, 2, '005', '005', 'Real', 'face to face', 'on', '2019-11-04 08:32:49', NULL, '2019-11-04 13:32:52', '2019-11-04 13:33:03', '2019-11-04 13:33:06', 4, 4, -1),
(5, 1, 3, '005', '005', 'Real', 'face to face', 'on', '2019-11-04 08:33:09', '2019-11-04 13:33:21', '2019-11-04 13:33:15', '2019-11-04 13:33:17', '2019-11-04 13:33:19', 13, 7, -1),
(-1, 0, 3, NULL, NULL, NULL, NULL, 'on', '2019-11-04 08:33:09', NULL, NULL, NULL, NULL, NULL, -1, -1),
(5, 1, 1, '005', '005', 'Real', 'face to face', 'on', '2019-11-04 08:41:15', '2019-11-04 13:41:16', '2019-11-04 13:41:38', '2019-11-04 13:41:39', '2019-11-04 13:41:41', 12, 4, -1),
(5, 1, 2, '005', '005', 'Real', 'face to face', 'on', '2019-11-04 08:41:46', '2019-11-04 13:41:48', '2019-11-04 13:41:55', '2019-11-04 13:41:57', '2019-11-04 13:41:59', 13, 7, -1),
(5, 1, 3, '005', '005', 'Real', 'face to face', 'on', '2019-11-04 08:42:02', '2019-11-04 13:42:04', NULL, NULL, NULL, NULL, -1, -1),
(2, 1, 1, '001', '005', 'Real', 'face to face', 'on', '2019-11-04 08:43:16', '2019-11-04 13:43:18', NULL, NULL, NULL, NULL, -1, -1),
(5, 1, 1, '005', '005', 'Real', 'face to face', 'on', '2019-11-04 08:44:15', '2019-11-04 13:44:16', '2019-11-04 13:44:20', '2019-11-04 13:44:22', '2019-11-04 13:44:23', 16, 4, -1),
(5, 1, 2, '005', '005', 'Real', 'face to face', 'on', '2019-11-04 08:44:28', '2019-11-04 13:44:30', '2019-11-04 13:44:35', '2019-11-04 13:44:38', '2019-11-04 13:44:39', 13, 4, -1),
(5, 1, 3, '005', '005', 'Real', 'face to face', 'on', '2019-11-04 08:44:44', '2019-11-04 13:44:46', '2019-11-04 13:44:47', '2019-11-04 13:44:51', '2019-11-04 13:44:53', 12, 4, -1),
(5, 1, 4, '005', '005', 'Real', 'face to face', 'on', '2019-11-04 08:44:58', '2019-11-04 13:45:00', '2019-11-04 13:45:01', '2019-11-04 13:45:03', '2019-11-04 13:45:05', 12, 4, -1),
(5, 1, 5, '005', '005', 'Real', 'face to face', 'on', '2019-11-04 08:45:10', '2019-11-04 13:45:12', '2019-11-04 13:45:21', NULL, NULL, NULL, -1, -1),
(4, 1, 1, '001', '005', 'Real', 'face to face', 'on', '2019-11-04 09:21:41', '2019-11-04 14:21:43', '2019-11-04 14:21:44', '2019-11-04 14:21:46', '2019-11-04 14:21:48', 13, 4, -1),
(4, 1, 2, '001', '005', 'Real', 'face to face', 'on', '2019-11-04 09:21:52', '2019-11-04 14:21:54', '2019-11-04 14:21:56', '2019-11-04 14:21:58', NULL, NULL, -1, -1),
(5, 1, 1, '005', '005', 'Real', 'face to face', 'on', '2019-11-04 09:23:52', '2019-11-04 14:23:54', '2019-11-04 14:23:55', '2019-11-04 14:23:57', '2019-11-04 14:23:59', 12, 4, -1),
(5, 1, 2, '005', '005', 'Real', 'face to face', 'on', '2019-11-04 09:24:05', '2019-11-04 14:24:06', '2019-11-04 14:24:24', '2019-11-04 14:24:26', '2019-11-04 14:24:28', 13, 4, -1),
(5, 1, 3, '005', '005', 'Real', 'face to face', 'on', '2019-11-04 09:24:33', '2019-11-04 14:24:34', NULL, NULL, NULL, NULL, -1, -1),
(4, 1, 1, '005', '005', 'Real', 'face to face', 'on', '2019-11-04 09:25:48', '2019-11-04 14:25:49', '2019-11-04 14:25:51', '2019-11-04 14:25:52', '2019-11-04 14:25:54', 12, 7, -1),
(4, 1, 2, '005', '005', 'Real', 'face to face', 'on', '2019-11-04 09:25:57', '2019-11-04 14:25:58', '2019-11-04 14:26:00', '2019-11-04 14:26:02', '2019-11-04 14:26:04', 12, 7, -1),
(4, 1, 3, '005', '005', 'Real', 'face to face', 'on', '2019-11-04 09:26:07', '2019-11-04 14:26:09', '2019-11-04 14:26:10', '2019-11-04 14:26:11', '2019-11-04 14:26:13', 12, 7, -1),
(4, 1, 4, '005', '005', 'Real', 'face to face', 'on', '2019-11-04 09:26:16', '2019-11-04 14:26:18', '2019-11-04 14:26:56', '2019-11-04 14:26:59', '2019-11-04 14:28:03', 12, 4, -1),
(4, 1, 5, '005', '005', 'Real', 'face to face', 'on', '2019-11-04 09:29:21', '2019-11-04 14:29:23', NULL, NULL, NULL, NULL, -1, -1),
(-1, 0, 5, NULL, NULL, NULL, NULL, 'on', '2019-11-04 09:29:21', NULL, NULL, NULL, NULL, NULL, -1, -1),
(-1, 0, 5, NULL, NULL, NULL, NULL, 'on', '2019-11-04 09:29:21', NULL, NULL, NULL, NULL, NULL, -1, -1),
(-1, 0, 5, NULL, NULL, NULL, NULL, 'on', '2019-11-04 09:29:21', NULL, NULL, NULL, NULL, NULL, -1, -1),
(-1, 0, 5, NULL, NULL, NULL, NULL, 'on', '2019-11-04 09:29:21', NULL, NULL, NULL, NULL, NULL, -1, -1),
(-1, 0, 5, NULL, NULL, NULL, NULL, 'on', '2019-11-04 09:29:21', NULL, NULL, NULL, NULL, NULL, -1, -1),
(-1, 0, 6, NULL, NULL, NULL, NULL, 'on', '2019-11-04 09:29:21', NULL, NULL, NULL, NULL, NULL, -1, -1),
(4, 1, 1, '001', '005', 'Real', 'face to face', 'on', '2019-11-04 09:34:44', '2019-11-04 14:34:46', '2019-11-04 14:34:48', '2019-11-04 14:34:50', NULL, NULL, -1, -1),
(4, 1, 1, '005', '005', 'Real', 'face to face', 'on', '2019-11-04 09:36:14', '2019-11-04 14:36:15', '2019-11-04 14:36:16', '2019-11-04 14:36:19', NULL, NULL, -1, -1),
(-1, 0, 1, NULL, NULL, NULL, NULL, 'on', '2019-11-04 09:36:14', NULL, NULL, NULL, NULL, NULL, -1, -1),
(3, 1, 1, '005', '005', 'Real', 'face to face', 'on', '2019-11-04 09:37:15', '2019-11-04 14:37:17', '2019-11-04 14:37:18', '2019-11-04 14:37:20', NULL, NULL, -1, -1),
(-1, 0, 1, NULL, NULL, NULL, NULL, 'on', '2019-11-04 09:37:15', NULL, NULL, NULL, NULL, NULL, -1, -1),
(-1, 0, 1, NULL, NULL, NULL, NULL, 'on', '2019-11-04 09:37:15', NULL, NULL, NULL, NULL, NULL, -1, -1),
(3, 1, 1, '005', '005', 'Real', 'face to face', 'on', '2019-11-04 09:40:38', '2019-11-04 14:40:40', '2019-11-04 14:40:41', '2019-11-04 14:40:43', NULL, NULL, -1, -1),
(-1, 0, 1, NULL, NULL, NULL, NULL, 'on', '2019-11-04 09:40:38', NULL, NULL, NULL, NULL, NULL, -1, -1),
(2, 4, 1, '001', '005', 'Real', 'face to face', 'on', '2019-11-04 09:44:31', '2019-11-04 14:44:32', '2019-11-04 14:44:34', '2019-11-04 14:44:36', NULL, NULL, -1, -1),
(2, 4, 2, '001', '005', 'Real', 'face to face', 'on', '2019-11-04 09:48:19', '2019-11-04 14:48:21', NULL, NULL, NULL, NULL, -1, -1),
(-1, 0, 2, NULL, NULL, NULL, NULL, 'on', '2019-11-04 09:48:19', NULL, NULL, NULL, NULL, NULL, -1, -1),
(-1, 0, 2, NULL, NULL, NULL, NULL, 'on', '2019-11-04 09:48:19', NULL, NULL, NULL, NULL, NULL, -1, -1),
(-1, 0, 2, NULL, NULL, NULL, NULL, 'on', '2019-11-04 09:48:19', NULL, NULL, NULL, NULL, NULL, -1, -1),
(-1, 0, 2, NULL, NULL, NULL, NULL, 'on', '2019-11-04 09:48:19', NULL, NULL, NULL, NULL, NULL, -1, -1),
(-1, 0, 2, NULL, NULL, NULL, NULL, 'on', '2019-11-04 09:48:19', NULL, NULL, NULL, NULL, NULL, -1, -1),
(-1, 0, 3, NULL, NULL, NULL, NULL, 'on', '2019-11-04 09:48:19', NULL, NULL, NULL, NULL, NULL, -1, -1),
(-1, 0, 3, NULL, NULL, NULL, NULL, 'on', '2019-11-04 09:48:19', NULL, NULL, NULL, NULL, NULL, -1, -1),
(-1, 0, 3, NULL, NULL, NULL, NULL, 'on', '2019-11-04 09:48:19', NULL, NULL, NULL, NULL, NULL, -1, -1),
(-1, 0, 3, NULL, NULL, NULL, NULL, 'on', '2019-11-04 09:48:19', NULL, NULL, NULL, NULL, NULL, -1, -1),
(4, 1, 1, '005', '002', 'Real', 'face to face', 'on', '2019-11-04 09:48:28', '2019-11-04 14:48:29', '2019-11-04 14:48:32', '2019-11-04 14:48:33', NULL, NULL, -1, -1),
(-1, 0, 1, NULL, NULL, NULL, NULL, 'on', '2019-11-04 09:48:28', NULL, NULL, NULL, NULL, NULL, -1, -1),
(3, 1, 1, '005', '005', 'Real', 'face to face', 'on', '2019-11-04 09:50:30', '2019-11-04 14:50:32', '2019-11-04 14:50:33', '2019-11-04 14:50:35', NULL, NULL, -1, -1),
(6, 1, 1, '005', '005', 'Real', 'face to face', 'on', '2019-11-04 09:53:54', '2019-11-04 14:53:55', '2019-11-04 14:53:57', '2019-11-04 14:53:59', NULL, NULL, -1, -1),
(-1, 0, 1, NULL, NULL, NULL, NULL, 'on', '2019-11-04 09:53:54', NULL, NULL, NULL, NULL, NULL, -1, -1),
(5, 1, 1, '005', '005', 'Real', 'face to face', 'on', '2019-11-04 09:57:11', '2019-11-04 14:57:12', '2019-11-04 14:57:14', '2019-11-04 14:57:16', '2019-11-04 14:57:18', 11, -1, -1),
(-1, 0, 1, NULL, NULL, NULL, NULL, 'on', '2019-11-04 09:57:11', NULL, NULL, NULL, NULL, NULL, -1, -1),
(5, 1, 2, '005', '005', 'Real', 'face to face', 'on', '2019-11-04 09:57:23', '2019-11-04 14:57:25', NULL, NULL, NULL, NULL, -1, -1),
(-1, 0, 2, NULL, NULL, NULL, NULL, 'on', '2019-11-04 09:57:23', NULL, NULL, NULL, NULL, NULL, -1, -1),
(-1, 0, 2, NULL, NULL, NULL, NULL, 'on', '2019-11-04 09:57:23', NULL, NULL, NULL, NULL, NULL, -1, -1),
(4, 1, 1, '005', '002', 'Real', 'face to face', 'on', '2019-11-04 09:58:27', '2019-11-04 14:58:29', '2019-11-04 14:58:30', '2019-11-04 14:58:32', NULL, NULL, -1, -1),
(-1, 0, 1, NULL, NULL, NULL, NULL, 'on', '2019-11-04 09:58:27', NULL, NULL, NULL, NULL, NULL, -1, -1),
(-1, 0, 1, NULL, NULL, NULL, NULL, 'on', '2019-11-04 09:58:27', NULL, NULL, NULL, NULL, NULL, -1, -1),
(4, 1, 1, '002', '005', 'Real', 'face to face', 'on', '2019-11-04 09:59:17', '2019-11-04 14:59:18', '2019-11-04 14:59:21', '2019-11-04 14:59:23', '2019-11-04 14:59:29', 11, 4, -1),
(-1, 0, 1, NULL, NULL, NULL, NULL, 'on', '2019-11-04 09:59:17', NULL, NULL, NULL, NULL, NULL, -1, -1),
(4, 1, 2, '002', '005', 'Real', 'face to face', 'on', '2019-11-04 09:59:35', '2019-11-04 14:59:36', NULL, NULL, NULL, NULL, -1, -1),
(-1, 0, 2, NULL, NULL, NULL, NULL, 'on', '2019-11-04 09:59:35', NULL, NULL, NULL, NULL, NULL, -1, -1),
(-1, 0, 2, NULL, NULL, NULL, NULL, 'on', '2019-11-04 09:59:35', NULL, NULL, NULL, NULL, NULL, -1, -1),
(-1, 0, 2, NULL, NULL, NULL, NULL, 'on', '2019-11-04 09:59:35', NULL, NULL, NULL, NULL, NULL, -1, -1),
(-1, 0, 2, NULL, NULL, NULL, NULL, 'on', '2019-11-04 09:59:35', NULL, NULL, NULL, NULL, NULL, -1, -1),
(-1, 0, 2, NULL, NULL, NULL, NULL, 'on', '2019-11-04 09:59:35', NULL, NULL, NULL, NULL, NULL, -1, -1),
(-1, 0, 3, NULL, NULL, NULL, NULL, 'on', '2019-11-04 09:59:35', NULL, NULL, NULL, NULL, NULL, -1, -1),
(-1, 0, 3, NULL, NULL, NULL, NULL, 'on', '2019-11-04 09:59:35', NULL, NULL, NULL, NULL, NULL, -1, -1),
(-1, 0, 3, NULL, NULL, NULL, NULL, 'on', '2019-11-04 09:59:35', NULL, NULL, NULL, NULL, NULL, -1, -1),
(-1, 0, 3, NULL, NULL, NULL, NULL, 'on', '2019-11-04 09:59:35', NULL, NULL, NULL, NULL, NULL, -1, -1),
(-1, 0, 3, NULL, NULL, NULL, NULL, 'on', '2019-11-04 09:59:35', NULL, NULL, NULL, NULL, NULL, -1, -1),
(-1, 0, 3, NULL, NULL, NULL, NULL, 'on', '2019-11-04 09:59:35', NULL, NULL, NULL, NULL, NULL, -1, -1),
(-1, 0, 3, NULL, NULL, NULL, NULL, 'on', '2019-11-04 09:59:35', NULL, NULL, NULL, NULL, NULL, -1, -1),
(-1, 0, 4, NULL, NULL, NULL, NULL, 'on', '2019-11-04 09:59:35', NULL, NULL, NULL, NULL, NULL, -1, -1),
(6, 1, 1, '001', '005', 'Real', 'face to face', 'on', '2019-11-04 10:01:44', '2019-11-04 15:01:46', '2019-11-04 15:01:48', '2019-11-04 15:01:50', '2019-11-04 15:01:52', 12, 3, -1),
(6, 1, 2, '001', '005', 'Real', 'face to face', 'on', '2019-11-04 10:02:03', '2019-11-04 15:02:05', NULL, NULL, NULL, NULL, -1, -1),
(-1, 0, 2, NULL, NULL, NULL, NULL, 'on', '2019-11-04 10:02:03', NULL, NULL, NULL, NULL, NULL, -1, -1),
(-1, 0, 2, NULL, NULL, NULL, NULL, 'on', '2019-11-04 10:02:03', NULL, NULL, NULL, NULL, NULL, -1, -1),
(-1, 0, 2, NULL, NULL, NULL, NULL, 'on', '2019-11-04 10:02:03', NULL, NULL, NULL, NULL, NULL, -1, -1),
(-1, 0, 2, NULL, NULL, NULL, NULL, 'on', '2019-11-04 10:02:03', NULL, NULL, NULL, NULL, NULL, -1, -1),
(-1, 0, 2, NULL, NULL, NULL, NULL, 'on', '2019-11-04 10:02:03', NULL, NULL, NULL, NULL, NULL, -1, -1),
(-1, 0, 3, NULL, NULL, NULL, NULL, 'on', '2019-11-04 10:02:03', NULL, NULL, NULL, NULL, NULL, -1, -1),
(-1, 0, 3, NULL, NULL, NULL, NULL, 'on', '2019-11-04 10:02:03', NULL, NULL, NULL, NULL, NULL, -1, -1),
(-1, 0, 3, NULL, NULL, NULL, NULL, 'on', '2019-11-04 10:02:03', NULL, NULL, NULL, NULL, NULL, -1, -1),
(-1, 0, 3, NULL, NULL, NULL, NULL, 'on', '2019-11-04 10:02:03', NULL, NULL, NULL, NULL, NULL, -1, -1),
(-1, 0, 3, NULL, NULL, NULL, NULL, 'on', '2019-11-04 10:02:03', NULL, NULL, NULL, NULL, NULL, -1, -1),
(-1, 0, 3, NULL, NULL, NULL, NULL, 'on', '2019-11-04 10:02:03', NULL, NULL, NULL, NULL, NULL, -1, -1),
(-1, 0, 4, NULL, NULL, NULL, NULL, 'on', '2019-11-04 10:02:03', NULL, NULL, NULL, NULL, NULL, -1, -1),
(-1, 0, 4, NULL, NULL, NULL, NULL, 'on', '2019-11-04 10:02:03', NULL, NULL, NULL, NULL, NULL, -1, -1),
(-1, 0, 4, NULL, NULL, NULL, NULL, 'on', '2019-11-04 10:02:03', NULL, NULL, NULL, NULL, NULL, -1, -1),
(-1, 0, 4, NULL, NULL, NULL, NULL, 'on', '2019-11-04 10:02:03', NULL, NULL, NULL, NULL, NULL, -1, -1),
(-1, 0, 4, NULL, NULL, NULL, NULL, 'on', '2019-11-04 10:02:03', NULL, NULL, NULL, NULL, NULL, -1, -1),
(-1, 0, 4, NULL, NULL, NULL, NULL, 'on', '2019-11-04 10:02:03', NULL, NULL, NULL, NULL, NULL, -1, -1),
(-1, 0, 5, NULL, NULL, NULL, NULL, 'on', '2019-11-04 10:02:03', NULL, NULL, NULL, NULL, NULL, -1, -1),
(-1, 0, 4, NULL, NULL, NULL, NULL, 'on', '2019-11-04 10:02:03', NULL, NULL, NULL, NULL, NULL, -1, -1),
(-1, 0, 5, NULL, NULL, NULL, NULL, 'on', '2019-11-04 10:02:03', NULL, NULL, NULL, NULL, NULL, -1, -1),
(-1, 0, 5, NULL, NULL, NULL, NULL, 'on', '2019-11-04 10:02:03', NULL, NULL, NULL, NULL, NULL, -1, -1),
(-1, 0, 5, NULL, NULL, NULL, NULL, 'on', '2019-11-04 10:02:03', NULL, NULL, NULL, NULL, NULL, -1, -1),
(-1, 0, 5, NULL, NULL, NULL, NULL, 'on', '2019-11-04 10:02:03', NULL, NULL, NULL, NULL, NULL, -1, -1),
(-1, 0, 6, NULL, NULL, NULL, NULL, 'on', '2019-11-04 10:02:03', NULL, NULL, NULL, NULL, NULL, -1, -1),
(-1, 0, 6, NULL, NULL, NULL, NULL, 'on', '2019-11-04 10:02:03', NULL, NULL, NULL, NULL, NULL, -1, -1),
(-1, 0, 6, NULL, NULL, NULL, NULL, 'on', '2019-11-04 10:02:03', NULL, NULL, NULL, NULL, NULL, -1, -1),
(-1, 0, 6, NULL, NULL, NULL, NULL, 'on', '2019-11-04 10:02:03', NULL, NULL, NULL, NULL, NULL, -1, -1),
(900, 1, 1, '900', '900', 'Real', 'face to face', 'on', '2019-11-04 10:08:02', NULL, NULL, NULL, NULL, NULL, -1, -1),
(-1, 0, 1, NULL, NULL, NULL, NULL, 'on', '2019-11-04 10:08:02', NULL, NULL, NULL, NULL, NULL, -1, -1),
(-1, 0, 1, NULL, NULL, NULL, NULL, 'on', '2019-11-04 10:08:02', NULL, NULL, NULL, NULL, NULL, -1, -1),
(-1, 0, 1, NULL, NULL, NULL, NULL, 'on', '2019-11-04 10:08:02', NULL, NULL, NULL, NULL, NULL, -1, -1),
(-1, 0, 1, NULL, NULL, NULL, NULL, 'on', '2019-11-04 10:08:02', NULL, NULL, NULL, NULL, NULL, -1, -1),
(900, 1, 2, '900', '900', 'Real', 'face to face', 'on', '2019-11-04 10:08:03', NULL, NULL, NULL, NULL, NULL, -1, -1),
(-1, 0, 2, NULL, NULL, NULL, NULL, 'on', '2019-11-04 10:08:03', NULL, NULL, NULL, NULL, NULL, -1, -1),
(-1, 0, 2, NULL, NULL, NULL, NULL, 'on', '2019-11-04 10:08:03', NULL, NULL, NULL, NULL, NULL, -1, -1),
(-1, 0, 2, NULL, NULL, NULL, NULL, 'on', '2019-11-04 10:08:03', NULL, NULL, NULL, NULL, NULL, -1, -1),
(-1, 0, 3, NULL, NULL, NULL, NULL, 'on', '2019-11-04 10:08:03', NULL, NULL, NULL, NULL, NULL, -1, -1),
(-1, 0, 3, NULL, NULL, NULL, NULL, 'on', '2019-11-04 10:08:03', NULL, NULL, NULL, NULL, NULL, -1, -1),
(-1, 0, 3, NULL, NULL, NULL, NULL, 'on', '2019-11-04 10:08:03', NULL, NULL, NULL, NULL, NULL, -1, -1),
(-1, 0, 3, NULL, NULL, NULL, NULL, 'on', '2019-11-04 10:08:03', NULL, NULL, NULL, NULL, NULL, -1, -1),
(-1, 0, 3, NULL, NULL, NULL, NULL, 'on', '2019-11-04 10:08:03', NULL, NULL, NULL, NULL, NULL, -1, -1),
(-1, 0, 4, NULL, NULL, NULL, NULL, 'on', '2019-11-04 10:08:03', NULL, NULL, NULL, NULL, NULL, -1, -1),
(-1, 0, 4, NULL, NULL, NULL, NULL, 'on', '2019-11-04 10:08:03', NULL, NULL, NULL, NULL, NULL, -1, -1),
(-1, 0, 4, NULL, NULL, NULL, NULL, 'on', '2019-11-04 10:08:03', NULL, NULL, NULL, NULL, NULL, -1, -1),
(-1, 0, 4, NULL, NULL, NULL, NULL, 'on', '2019-11-04 10:08:03', NULL, NULL, NULL, NULL, NULL, -1, -1),
(-1, 0, 4, NULL, NULL, NULL, NULL, 'on', '2019-11-04 10:08:03', NULL, NULL, NULL, NULL, NULL, -1, -1),
(-1, 0, 4, NULL, NULL, NULL, NULL, 'on', '2019-11-04 10:08:03', NULL, NULL, NULL, NULL, NULL, -1, -1),
(-1, 0, 5, NULL, NULL, NULL, NULL, 'on', '2019-11-04 10:08:03', NULL, NULL, NULL, NULL, NULL, -1, -1),
(-1, 0, 5, NULL, NULL, NULL, NULL, 'on', '2019-11-04 10:08:03', NULL, NULL, NULL, NULL, NULL, -1, -1),
(-1, 0, 5, NULL, NULL, NULL, NULL, 'on', '2019-11-04 10:08:03', NULL, NULL, NULL, NULL, NULL, -1, -1),
(-1, 0, 5, NULL, NULL, NULL, NULL, 'on', '2019-11-04 10:08:03', NULL, NULL, NULL, NULL, NULL, -1, -1),
(-1, 0, 5, NULL, NULL, NULL, NULL, 'on', '2019-11-04 10:08:03', NULL, NULL, NULL, NULL, NULL, -1, -1),
(900, 1, 6, '900', '900', 'Real', 'face to face', 'on', '2019-11-04 10:08:04', '2019-11-04 15:08:05', NULL, NULL, NULL, NULL, -1, -1),
(-1, 0, 6, NULL, NULL, NULL, NULL, 'on', '2019-11-04 10:08:04', NULL, NULL, NULL, NULL, NULL, -1, -1),
(4, 1, 1, '001', '002', 'Real', 'face to face', 'on', '2019-11-04 10:08:27', NULL, NULL, NULL, NULL, NULL, -1, -1),
(-1, 0, 1, NULL, NULL, NULL, NULL, 'on', '2019-11-04 10:08:27', NULL, NULL, NULL, NULL, NULL, -1, -1),
(-1, 0, 1, NULL, NULL, NULL, NULL, 'on', '2019-11-04 10:08:27', NULL, NULL, NULL, NULL, NULL, -1, -1),
(-1, 0, 2, NULL, NULL, NULL, NULL, 'on', '2019-11-04 10:08:27', NULL, NULL, NULL, NULL, NULL, -1, -1),
(-1, 0, 2, NULL, NULL, NULL, NULL, 'on', '2019-11-04 10:08:27', NULL, NULL, NULL, NULL, NULL, -1, -1),
(-1, 0, 2, NULL, NULL, NULL, NULL, 'on', '2019-11-04 10:08:27', NULL, NULL, NULL, NULL, NULL, -1, -1),
(-1, 0, 2, NULL, NULL, NULL, NULL, 'on', '2019-11-04 10:08:27', NULL, NULL, NULL, NULL, NULL, -1, -1),
(-1, 0, 2, NULL, NULL, NULL, NULL, 'on', '2019-11-04 10:08:27', NULL, NULL, NULL, NULL, NULL, -1, -1),
(-1, 0, 2, NULL, NULL, NULL, NULL, 'on', '2019-11-04 10:08:27', NULL, NULL, NULL, NULL, NULL, -1, -1),
(-1, 0, 3, NULL, NULL, NULL, NULL, 'on', '2019-11-04 10:08:27', NULL, NULL, NULL, NULL, NULL, -1, -1),
(-1, 0, 3, NULL, NULL, NULL, NULL, 'on', '2019-11-04 10:08:27', NULL, NULL, NULL, NULL, NULL, -1, -1),
(-1, 0, 3, NULL, NULL, NULL, NULL, 'on', '2019-11-04 10:08:27', NULL, NULL, NULL, NULL, NULL, -1, -1),
(-1, 0, 3, NULL, NULL, NULL, NULL, 'on', '2019-11-04 10:08:27', NULL, NULL, NULL, NULL, NULL, -1, -1),
(-1, 0, 3, NULL, NULL, NULL, NULL, 'on', '2019-11-04 10:08:27', NULL, NULL, NULL, NULL, NULL, -1, -1),
(-1, 0, 3, NULL, NULL, NULL, NULL, 'on', '2019-11-04 10:08:27', NULL, NULL, NULL, NULL, NULL, -1, -1),
(-1, 0, 4, NULL, NULL, NULL, NULL, 'on', '2019-11-04 10:08:27', NULL, NULL, NULL, NULL, NULL, -1, -1),
(-1, 0, 4, NULL, NULL, NULL, NULL, 'on', '2019-11-04 10:08:27', NULL, NULL, NULL, NULL, NULL, -1, -1),
(-1, 0, 4, NULL, NULL, NULL, NULL, 'on', '2019-11-04 10:08:27', NULL, NULL, NULL, NULL, NULL, -1, -1),
(-1, 0, 4, NULL, NULL, NULL, NULL, 'on', '2019-11-04 10:08:27', NULL, NULL, NULL, NULL, NULL, -1, -1),
(-1, 0, 4, NULL, NULL, NULL, NULL, 'on', '2019-11-04 10:08:27', NULL, NULL, NULL, NULL, NULL, -1, -1),
(-1, 0, 5, NULL, NULL, NULL, NULL, 'on', '2019-11-04 10:08:27', NULL, NULL, NULL, NULL, NULL, -1, -1),
(-1, 0, 5, NULL, NULL, NULL, NULL, 'on', '2019-11-04 10:08:27', NULL, NULL, NULL, NULL, NULL, -1, -1),
(-1, 0, 5, NULL, NULL, NULL, NULL, 'on', '2019-11-04 10:08:27', NULL, NULL, NULL, NULL, NULL, -1, -1),
(-1, 0, 5, NULL, NULL, NULL, NULL, 'on', '2019-11-04 10:08:27', NULL, NULL, NULL, NULL, NULL, -1, -1),
(-1, 0, 6, NULL, NULL, NULL, NULL, 'on', '2019-11-04 10:08:27', NULL, NULL, NULL, NULL, NULL, -1, -1),
(-1, 0, 6, NULL, NULL, NULL, NULL, 'on', '2019-11-04 10:08:27', NULL, NULL, NULL, NULL, NULL, -1, -1),
(-1, 0, 6, NULL, NULL, NULL, NULL, 'on', '2019-11-04 10:08:27', NULL, NULL, NULL, NULL, NULL, -1, -1),
(-1, 0, 6, NULL, NULL, NULL, NULL, 'on', '2019-11-04 10:08:27', NULL, NULL, NULL, NULL, NULL, -1, -1),
(-1, 0, 6, NULL, NULL, NULL, NULL, 'on', '2019-11-04 10:08:27', NULL, NULL, NULL, NULL, NULL, -1, -1),
(-1, 0, 6, NULL, NULL, NULL, NULL, 'on', '2019-11-04 10:08:27', NULL, NULL, NULL, NULL, NULL, -1, -1),
(-1, 0, 7, NULL, NULL, NULL, NULL, 'on', '2019-11-04 10:08:27', NULL, NULL, NULL, NULL, NULL, -1, -1),
(4, 1, 8, '001', '002', 'Real', 'face to face', 'on', '2019-11-04 10:08:28', '2019-11-04 15:08:29', NULL, NULL, NULL, NULL, -1, -1),
(-1, 0, 8, NULL, NULL, NULL, NULL, 'on', '2019-11-04 10:08:28', NULL, NULL, NULL, NULL, NULL, -1, -1),
(-1, 0, 8, NULL, NULL, NULL, NULL, 'on', '2019-11-04 10:08:28', NULL, NULL, NULL, NULL, NULL, -1, -1),
(8, 1, 1, '005', '005', 'Real', 'face to face', 'on', '2019-11-04 10:09:42', NULL, NULL, NULL, NULL, NULL, -1, -1),
(-1, 0, 1, NULL, NULL, NULL, NULL, 'on', '2019-11-04 10:09:42', NULL, NULL, NULL, NULL, NULL, -1, -1),
(-1, 0, 1, NULL, NULL, NULL, NULL, 'on', '2019-11-04 10:09:42', NULL, NULL, NULL, NULL, NULL, -1, -1),
(-1, 0, 1, NULL, NULL, NULL, NULL, 'on', '2019-11-04 10:09:42', NULL, NULL, NULL, NULL, NULL, -1, -1),
(-1, 0, 1, NULL, NULL, NULL, NULL, 'on', '2019-11-04 10:09:42', NULL, NULL, NULL, NULL, NULL, -1, -1),
(-1, 0, 2, NULL, NULL, NULL, NULL, 'on', '2019-11-04 10:09:42', NULL, NULL, NULL, NULL, NULL, -1, -1),
(-1, 0, 2, NULL, NULL, NULL, NULL, 'on', '2019-11-04 10:09:42', NULL, NULL, NULL, NULL, NULL, -1, -1),
(-1, 0, 2, NULL, NULL, NULL, NULL, 'on', '2019-11-04 10:09:42', NULL, NULL, NULL, NULL, NULL, -1, -1),
(-1, 0, 2, NULL, NULL, NULL, NULL, 'on', '2019-11-04 10:09:42', NULL, NULL, NULL, NULL, NULL, -1, -1),
(-1, 0, 2, NULL, NULL, NULL, NULL, 'on', '2019-11-04 10:09:42', NULL, NULL, NULL, NULL, NULL, -1, -1),
(8, 1, 3, '005', '005', 'Real', 'face to face', 'on', '2019-11-04 10:09:43', NULL, NULL, NULL, NULL, NULL, -1, -1),
(-1, 0, 3, NULL, NULL, NULL, NULL, 'on', '2019-11-04 10:09:43', NULL, NULL, NULL, NULL, NULL, -1, -1),
(-1, 0, 3, NULL, NULL, NULL, NULL, 'on', '2019-11-04 10:09:43', NULL, NULL, NULL, NULL, NULL, -1, -1),
(-1, 0, 4, NULL, NULL, NULL, NULL, 'on', '2019-11-04 10:09:43', NULL, NULL, NULL, NULL, NULL, -1, -1),
(-1, 0, 3, NULL, NULL, NULL, NULL, 'on', '2019-11-04 10:09:43', NULL, NULL, NULL, NULL, NULL, -1, -1),
(-1, 0, 3, NULL, NULL, NULL, NULL, 'on', '2019-11-04 10:09:43', NULL, NULL, NULL, NULL, NULL, -1, -1),
(-1, 0, 3, NULL, NULL, NULL, NULL, 'on', '2019-11-04 10:09:43', NULL, NULL, NULL, NULL, NULL, -1, -1),
(-1, 0, 4, NULL, NULL, NULL, NULL, 'on', '2019-11-04 10:09:43', NULL, NULL, NULL, NULL, NULL, -1, -1),
(-1, 0, 4, NULL, NULL, NULL, NULL, 'on', '2019-11-04 10:09:43', NULL, NULL, NULL, NULL, NULL, -1, -1),
(-1, 0, 4, NULL, NULL, NULL, NULL, 'on', '2019-11-04 10:09:43', NULL, NULL, NULL, NULL, NULL, -1, -1),
(-1, 0, 4, NULL, NULL, NULL, NULL, 'on', '2019-11-04 10:09:43', NULL, NULL, NULL, NULL, NULL, -1, -1),
(-1, 0, 5, NULL, NULL, NULL, NULL, 'on', '2019-11-04 10:09:43', NULL, NULL, NULL, NULL, NULL, -1, -1),
(-1, 0, 5, NULL, NULL, NULL, NULL, 'on', '2019-11-04 10:09:43', NULL, NULL, NULL, NULL, NULL, -1, -1),
(-1, 0, 5, NULL, NULL, NULL, NULL, 'on', '2019-11-04 10:09:43', NULL, NULL, NULL, NULL, NULL, -1, -1),
(-1, 0, 5, NULL, NULL, NULL, NULL, 'on', '2019-11-04 10:09:43', NULL, NULL, NULL, NULL, NULL, -1, -1),
(-1, 0, 6, NULL, NULL, NULL, NULL, 'on', '2019-11-04 10:09:43', NULL, NULL, NULL, NULL, NULL, -1, -1),
(-1, 0, 6, NULL, NULL, NULL, NULL, 'on', '2019-11-04 10:09:43', NULL, NULL, NULL, NULL, NULL, -1, -1),
(-1, 0, 6, NULL, NULL, NULL, NULL, 'on', '2019-11-04 10:09:43', NULL, NULL, NULL, NULL, NULL, -1, -1),
(-1, 0, 6, NULL, NULL, NULL, NULL, 'on', '2019-11-04 10:09:43', NULL, NULL, NULL, NULL, NULL, -1, -1),
(-1, 0, 6, NULL, NULL, NULL, NULL, 'on', '2019-11-04 10:09:43', NULL, NULL, NULL, NULL, NULL, -1, -1),
(-1, 0, 6, NULL, NULL, NULL, NULL, 'on', '2019-11-04 10:09:43', NULL, NULL, NULL, NULL, NULL, -1, -1),
(-1, 0, 7, NULL, NULL, NULL, NULL, 'on', '2019-11-04 10:09:43', NULL, NULL, NULL, NULL, NULL, -1, -1),
(-1, 0, 7, NULL, NULL, NULL, NULL, 'on', '2019-11-04 10:09:43', NULL, NULL, NULL, NULL, NULL, -1, -1),
(-1, 0, 7, NULL, NULL, NULL, NULL, 'on', '2019-11-04 10:09:43', NULL, NULL, NULL, NULL, NULL, -1, -1),
(-1, 0, 7, NULL, NULL, NULL, NULL, 'on', '2019-11-04 10:09:43', NULL, NULL, NULL, NULL, NULL, -1, -1),
(-1, 0, 7, NULL, NULL, NULL, NULL, 'on', '2019-11-04 10:09:43', NULL, NULL, NULL, NULL, NULL, -1, -1),
(-1, 0, 7, NULL, NULL, NULL, NULL, 'on', '2019-11-04 10:09:43', NULL, NULL, NULL, NULL, NULL, -1, -1),
(-1, 0, 8, NULL, NULL, NULL, NULL, 'on', '2019-11-04 10:09:43', NULL, NULL, NULL, NULL, NULL, -1, -1),
(-1, 0, 9, NULL, NULL, NULL, NULL, 'on', '2019-11-04 10:09:43', NULL, NULL, NULL, NULL, NULL, -1, -1),
(-1, 0, 9, NULL, NULL, NULL, NULL, 'on', '2019-11-04 10:09:43', NULL, NULL, NULL, NULL, NULL, -1, -1),
(8, 1, 8, '005', '005', 'Real', 'face to face', 'on', '2019-11-04 10:09:44', '2019-11-04 15:09:45', NULL, NULL, NULL, NULL, -1, -1),
(3, 1, 1, '001', '005', 'Real', 'face to face', 'on', '2019-11-04 10:10:58', '2019-11-04 15:10:59', '2019-11-04 15:11:02', '2019-11-04 15:11:05', '2019-11-04 15:11:07', 11, 4, -1),
(3, 1, 2, '001', '005', 'Real', 'face to face', 'on', '2019-11-04 10:11:14', '2019-11-04 15:11:16', NULL, NULL, NULL, NULL, -1, -1),
(-1, 0, 2, NULL, NULL, NULL, NULL, 'on', '2019-11-04 10:11:14', NULL, NULL, NULL, NULL, NULL, -1, -1),
(2, 1, 1, '001', '005', 'Real', 'face to face', 'on', '2019-11-04 10:14:10', '2019-11-04 15:14:11', '2019-11-04 15:14:22', '2019-11-04 15:14:26', '2019-11-04 15:14:27', 11, 3, -1),
(2, 1, 2, '001', '005', 'Real', 'face to face', 'on', '2019-11-04 10:14:32', '2019-11-04 15:14:33', '2019-11-04 15:14:42', '2019-11-04 15:14:45', '2019-11-04 15:14:49', 10, 3, -1),
(2, 1, 3, '001', '005', 'Real', 'face to face', 'on', '2019-11-04 10:14:54', '2019-11-04 15:14:55', NULL, NULL, NULL, NULL, -1, -1),
(5, 1, 1, '005', '005', 'Real', 'face to face', 'on', '2019-11-04 10:16:40', '2019-11-04 15:16:42', '2019-11-04 15:16:45', '2019-11-04 15:16:47', '2019-11-04 15:16:50', 10, 4, -1),
(5, 1, 2, '005', '005', 'Real', 'face to face', 'on', '2019-11-04 10:16:54', '2019-11-04 15:16:55', '2019-11-04 15:17:04', '2019-11-04 15:17:09', '2019-11-04 15:17:14', 12, 4, -1),
(5, 1, 3, '005', '005', 'Real', 'face to face', 'on', '2019-11-04 10:17:20', '2019-11-04 15:17:21', NULL, NULL, NULL, NULL, -1, -1),
(4, 1, 1, '900', '900', 'Real', 'face to face', 'on', '2019-11-04 10:18:11', '2019-11-04 15:18:12', '2019-11-04 15:18:15', '2019-11-04 15:18:17', '2019-11-04 15:18:22', 12, 4, -1),
(4, 1, 2, '900', '900', 'Real', 'face to face', 'on', '2019-11-04 10:18:28', '2019-11-04 15:18:29', '2019-11-04 15:18:32', '2019-11-04 15:18:35', '2019-11-04 15:18:38', 11, 4, -1),
(4, 1, 3, '900', '900', 'Real', 'face to face', 'on', '2019-11-04 10:18:43', '2019-11-04 15:18:44', '2019-11-04 15:18:46', '2019-11-04 15:18:49', '2019-11-04 15:18:51', 12, 4, -1),
(4, 1, 4, '900', '900', 'Real', 'face to face', 'on', '2019-11-04 10:19:00', '2019-11-04 15:19:01', '2019-11-04 15:19:03', '2019-11-04 15:19:05', '2019-11-04 15:19:08', 12, 4, -1),
(4, 1, 5, '900', '900', 'Real', 'face to face', 'on', '2019-11-04 10:19:16', '2019-11-04 15:19:18', NULL, NULL, NULL, NULL, -1, -1),
(2, 1, 1, '005', '005', 'Real', 'face to face', 'on', '2019-11-04 10:25:45', '2019-11-04 15:25:46', '2019-11-04 15:25:48', '2019-11-04 15:25:49', NULL, NULL, -1, -1),
(2, 1, 1, '001', '005', 'Real', 'face to face', 'on', '2019-11-04 10:26:09', '2019-11-04 15:26:11', '2019-11-04 15:26:12', '2019-11-04 15:26:14', NULL, NULL, -1, -1),
(9, 1, 1, '999', '999', 'Real', 'face to face', 'on', '2019-11-04 10:30:24', '2019-11-04 15:30:26', '2019-11-04 15:30:32', '2019-11-04 15:30:37', '2019-11-04 15:30:40', 12, 4, -1),
(9, 1, 2, '999', '999', 'Real', 'face to face', 'on', '2019-11-04 10:30:47', '2019-11-04 15:30:48', '2019-11-04 15:30:53', '2019-11-04 15:30:55', '2019-11-04 15:31:00', 12, 6, -1),
(9, 1, 3, '999', '999', 'Real', 'face to face', 'on', '2019-11-04 10:31:08', '2019-11-04 15:31:10', '2019-11-04 15:31:12', '2019-11-04 15:31:15', '2019-11-04 15:31:19', 16, 5, -1),
(9, 1, 4, '999', '999', 'Real', 'face to face', 'on', '2019-11-04 10:31:26', '2019-11-04 15:31:27', '2019-11-04 15:31:29', '2019-11-04 15:31:32', '2019-11-04 15:31:36', 12, 4, -1),
(9, 1, 5, '999', '999', 'Real', 'face to face', 'on', '2019-11-04 10:31:41', '2019-11-04 15:31:43', NULL, NULL, NULL, NULL, -1, -1),
(3, 1, 1, '005', '005', 'Real', 'face to face', 'on', '2019-11-04 10:38:09', '2019-11-04 15:38:10', '2019-11-04 15:38:12', '2019-11-04 15:38:15', '2019-11-04 15:38:17', 2, -1, -1),
(4, 3, 1, '001', '005', 'Real', 'face to face', 'on', '2019-11-04 10:53:04', '2019-11-04 15:53:05', '2019-11-04 15:53:07', '2019-11-04 15:53:09', NULL, NULL, -1, -1),
(99, 1, 1, '005', '002', 'Real', 'face to face', 'on', '2019-11-04 10:55:19', '2019-11-04 15:55:20', '2019-11-04 15:55:22', '2019-11-04 15:55:23', NULL, NULL, -1, -1),
(2, 1, 1, '001', '005', 'Real', 'face to face', 'on', '2019-11-04 10:55:41', '2019-11-04 15:55:42', '2019-11-04 15:55:44', '2019-11-04 15:55:46', '2019-11-04 15:56:54', 14, -1, -1),
(2, 1, 1, '005', '005', 'Real', 'face to face', 'on', '2019-11-04 10:58:00', '2019-11-04 15:58:02', NULL, NULL, NULL, NULL, -1, -1),
(3, 1, 1, '005', '005', 'Real', 'face to face', 'on', '2019-11-04 11:02:15', '2019-11-04 16:02:17', NULL, NULL, NULL, NULL, -1, -1),
(2, 1, 1, '005', '005', 'Real', 'face to face', 'on', '2019-11-04 11:06:45', '2019-11-04 16:06:46', '2019-11-04 16:06:52', '2019-11-04 16:06:58', '2019-11-04 16:07:05', 13, 4, -1),
(2, 1, 2, '005', '005', 'Real', 'face to face', 'on', '2019-11-04 11:07:16', '2019-11-04 16:07:17', NULL, NULL, NULL, NULL, -1, -1),
(1, 1, 1, '001', '002', 'Real', 'face to face', 'on', '2019-11-04 11:58:12', '2019-11-04 16:58:14', NULL, NULL, NULL, NULL, -1, -1),
(1, 1, 1, '001', '002', 'Real', 'face to face', 'on', '2019-11-04 11:58:53', '2019-11-04 16:58:55', '2019-11-04 16:59:03', '2019-11-04 16:59:14', '2019-11-04 16:59:20', 11, 7, -1),
(1, 1, 2, '001', '002', 'Real', 'face to face', 'on', '2019-11-04 11:59:41', '2019-11-04 16:59:43', '2019-11-04 16:59:58', '2019-11-04 17:00:04', '2019-11-04 17:00:08', 8, 7, -1),
(1, 1, 3, '001', '002', 'Real', 'face to face', 'on', '2019-11-04 12:00:15', '2019-11-04 17:00:17', NULL, NULL, NULL, NULL, -1, -1);

-- --------------------------------------------------------

--
-- Table structure for table `state`
--

CREATE TABLE `state` (
  `p_state` int(11) NOT NULL DEFAULT 0,
  `o_state` int(11) NOT NULL DEFAULT 0,
  `trial_number` int(11) NOT NULL DEFAULT -1,
  `trial_state` int(11) NOT NULL DEFAULT 0
) ENGINE=InnoDB DEFAULT CHARSET=latin1;

--
-- Dumping data for table `state`
--

INSERT INTO `state` (`p_state`, `o_state`, `trial_number`, `trial_state`) VALUES
(2, 1, 3, 0);

-- --------------------------------------------------------

--
-- Table structure for table `test_number`
--

CREATE TABLE `test_number` (
  `trial_number` int(11) NOT NULL DEFAULT 0,
  `Set_1` int(11) DEFAULT 0,
  `Set_2` int(11) NOT NULL DEFAULT 0,
  `Set_3` int(11) NOT NULL DEFAULT 0,
  `Set_4` int(11) NOT NULL DEFAULT 4,
  `Set_5` int(11) NOT NULL DEFAULT 5,
  `Set_6` int(11) NOT NULL DEFAULT 6,
  `Set_7` int(11) NOT NULL DEFAULT 7,
  `Set_8` int(11) NOT NULL DEFAULT 8,
  `Set_9` int(11) NOT NULL DEFAULT 1
) ENGINE=InnoDB DEFAULT CHARSET=latin1;

--
-- Dumping data for table `test_number`
--

INSERT INTO `test_number` (`trial_number`, `Set_1`, `Set_2`, `Set_3`, `Set_4`, `Set_5`, `Set_6`, `Set_7`, `Set_8`, `Set_9`) VALUES
(1, 12, 10, 2, 15, 9, 7, 9, 6, 11),
(2, 8, 9, 1, 3, 14, 10, 13, 9, 8),
(3, 1, 7, 1, 9, 3, 14, 4, 9, 4),
(4, 1, 6, 9, 10, 10, 11, 11, 5, 3),
(5, 3, 15, 7, 11, 12, 6, 5, 2, 16),
(6, 16, 3, 8, 14, 11, 15, 1, 13, 4),
(7, 14, 10, 12, 2, 16, 9, 9, 12, 3),
(8, 9, 13, 8, 16, 13, 6, 6, 10, 15),
(9, 7, 2, 11, 4, 1, 5, 10, 15, 8),
(10, 12, 3, 16, 8, 7, 3, 15, 1, 12),
(11, 6, 6, 4, 14, 3, 1, 12, 8, 10),
(12, 14, 12, 13, 12, 6, 12, 2, 13, 10),
(13, 5, 11, 3, 12, 15, 8, 12, 16, 15),
(14, 13, 13, 11, 13, 5, 16, 11, 11, 11),
(15, 15, 5, 6, 6, 6, 14, 16, 4, 5),
(16, 2, 1, 10, 7, 4, 2, 7, 7, 13),
(17, 10, 4, 15, 5, 8, 4, 4, 7, 15),
(18, 11, 16, 5, 1, 2, 12, 14, 3, 13),
(19, 4, 8, 12, 2, 10, 13, 8, 14, 8),
(20, 16, 14, 14, 8, 6, 1, 3, 11, 16);
COMMIT;

/*!40101 SET CHARACTER_SET_CLIENT=@OLD_CHARACTER_SET_CLIENT */;
/*!40101 SET CHARACTER_SET_RESULTS=@OLD_CHARACTER_SET_RESULTS */;
/*!40101 SET COLLATION_CONNECTION=@OLD_COLLATION_CONNECTION */;
