-- phpMyAdmin SQL Dump
-- version 4.9.0.1
-- https://www.phpmyadmin.net/
--
-- Host: localhost
-- Generation Time: Nov 04, 2019 at 05:23 AM
-- Server version: 10.4.6-MariaDB
-- PHP Version: 7.3.9

SET SQL_MODE = "NO_AUTO_VALUE_ON_ZERO";
SET AUTOCOMMIT = 0;
START TRANSACTION;
SET time_zone = "+00:00";


/*!40101 SET @OLD_CHARACTER_SET_CLIENT=@@CHARACTER_SET_CLIENT */;
/*!40101 SET @OLD_CHARACTER_SET_RESULTS=@@CHARACTER_SET_RESULTS */;
/*!40101 SET @OLD_COLLATION_CONNECTION=@@COLLATION_CONNECTION */;
/*!40101 SET NAMES utf8mb4 */;

--
-- Database: `AR_R`
--

-- --------------------------------------------------------

--
-- Table structure for table `experiment_info`
--

CREATE TABLE `experiment_info` (
  `session_id` int(11) NOT NULL DEFAULT -1,
  `experiment_id` int(11) NOT NULL DEFAULT -1,
  `pointer_id` varchar(200) DEFAULT NULL,
  `observer_id` varchar(200) DEFAULT NULL,
  `virtual_type` varchar(200) DEFAULT NULL,
  `spatial_type` varchar(200) DEFAULT NULL,
  `rehearsal` varchar(200) NOT NULL DEFAULT 'on',
  `date` timestamp NOT NULL DEFAULT current_timestamp()
) ENGINE=InnoDB DEFAULT CHARSET=latin1;

--
-- Dumping data for table `experiment_info`
--

INSERT INTO `experiment_info` (`session_id`, `experiment_id`, `pointer_id`, `observer_id`, `virtual_type`, `spatial_type`, `rehearsal`, `date`) VALUES
(0, 1, '000', '000', 'Real', 'face to face', 'on', '2019-11-04 03:06:23'),
(1, 2, '001', '001', 'Real', 'face to face', 'on', '2019-11-04 03:08:00'),
(2, 2, '002', '002', 'Real', 'face to face', 'on', '2019-11-04 03:14:08'),
(3, 1, '003', '003', 'Real', 'face to face', 'off', '2019-11-04 03:18:43'),
(4, 3, '004', '004', 'Real', 'face to face', 'on', '2019-11-04 03:22:54'),
(5, 1, '005', '005', 'Real', 'face to face', 'on', '2019-11-04 03:26:34'),
(5, 1, '005', '005', 'Real', 'face to face', 'on', '2019-11-04 03:28:04'),
(6, 1, '006', '006', 'Real', 'face to face', 'off', '2019-11-04 03:42:21'),
(6, 5, '006', '006', 'Real', 'face to face', 'on', '2019-11-04 03:43:47'),
(6, 1, '006', '006', 'Real', 'face to face', 'off', '2019-11-04 03:45:31'),
(6, 1, '006', '006', 'Real', 'face to face', 'on', '2019-11-04 03:49:57'),
(6, 1, '006', '006', 'Real', 'face to face', 'on', '2019-11-04 03:52:54'),
(6, 1, '006', '006', 'Real', 'face to face', 'on', '2019-11-04 03:55:41'),
(7, 1, '007', '007', 'Real', 'face to face', 'on', '2019-11-04 03:57:23'),
(7, 7, '007', '007', 'Real', 'face to face', 'on', '2019-11-04 04:00:58'),
(88, 8, '888', '999', 'Real', 'face to face', 'on', '2019-11-04 04:08:15'),
(7, 7, '777', '666', 'Real', 'face to face', 'off', '2019-11-04 04:10:45');

-- --------------------------------------------------------

--
-- Table structure for table `raw_data`
--

CREATE TABLE `raw_data` (
  `session_id` int(11) NOT NULL DEFAULT -1,
  `experiment_id` int(11) NOT NULL DEFAULT 0,
  `trial_number` int(11) NOT NULL DEFAULT -1,
  `pointer_ID` varchar(200) DEFAULT NULL,
  `observer_ID` varchar(200) DEFAULT NULL,
  `virtual_type` text DEFAULT NULL,
  `spatial_type` text DEFAULT NULL,
  `rehearsal` varchar(11) DEFAULT 'on',
  `date` varchar(200) DEFAULT current_timestamp(),
  `T1` timestamp NULL DEFAULT NULL,
  `T2` timestamp NULL DEFAULT NULL,
  `T3` timestamp NULL DEFAULT NULL,
  `T4` timestamp NULL DEFAULT NULL,
  `identified_number` int(11) DEFAULT NULL,
  `confidence_level` int(11) DEFAULT -1,
  `testing_number_set` int(11) NOT NULL DEFAULT -1
) ENGINE=InnoDB DEFAULT CHARSET=latin1;

--
-- Dumping data for table `raw_data`
--

INSERT INTO `raw_data` (`session_id`, `experiment_id`, `trial_number`, `pointer_ID`, `observer_ID`, `virtual_type`, `spatial_type`, `rehearsal`, `date`, `T1`, `T2`, `T3`, `T4`, `identified_number`, `confidence_level`, `testing_number_set`) VALUES
(9, 1, 4, '005', '005', 'Real', 'face to face', 'off', '2019-11-03 13:09:45', '2019-11-03 18:09:47', '2019-11-03 18:09:48', '2019-11-03 18:09:49', '2019-11-03 18:09:52', NULL, 4, -1),
(9, 1, 5, '005', '005', 'Real', 'face to face', 'off', '2019-11-03 13:09:57', '2019-11-03 18:09:59', '2019-11-03 18:10:01', '2019-11-03 18:10:02', '2019-11-03 18:10:05', 8, 3, -1),
(1, 1, 1, '005', '005', 'Real', 'face to face', 'on', '2019-11-03 13:10:54', '2019-11-03 18:10:56', '2019-11-03 18:10:59', '2019-11-03 18:11:01', '2019-11-03 18:11:07', NULL, 3, -1),
(1, 1, 2, '005', '005', 'Real', 'face to face', 'on', '2019-11-03 13:11:11', '2019-11-03 18:11:13', '2019-11-03 18:11:15', '2019-11-03 18:11:16', '2019-11-03 18:11:19', 7, 3, -1),
(1, 1, 3, '005', '005', 'Real', 'face to face', 'on', '2019-11-03 13:11:23', '2019-11-03 18:11:25', '2019-11-03 18:11:27', '2019-11-03 18:11:28', '2019-11-03 18:11:30', 14, 4, -1),
(1, 1, 4, '005', '005', 'Real', 'face to face', 'on', '2019-11-03 13:11:34', '2019-11-03 18:11:36', '2019-11-03 18:11:37', '2019-11-03 18:11:38', '2019-11-03 18:11:40', 16, 2, -1),
(1, 1, 5, '005', '005', 'Real', 'face to face', 'on', '2019-11-03 13:11:45', '2019-11-03 18:11:47', '2019-11-03 18:11:48', '2019-11-03 18:11:49', '2019-11-03 18:11:52', NULL, 4, -1),
(8, 1, 2, '001', '002', 'Real', 'face to face', 'off', '2019-11-03 13:16:54', '2019-11-03 18:16:56', '2019-11-03 18:16:58', '2019-11-03 18:17:01', '2019-11-03 18:17:06', 14, 4, -1),
(8, 1, 3, '001', '002', 'Real', 'face to face', 'off', '2019-11-03 13:17:12', '2019-11-03 18:17:14', '2019-11-03 18:17:15', '2019-11-03 18:17:18', '2019-11-03 18:17:20', 13, 2, -1),
(8, 1, 4, '001', '002', 'Real', 'face to face', 'off', '2019-11-03 13:17:25', '2019-11-03 18:17:27', '2019-11-03 18:17:28', '2019-11-03 18:17:29', '2019-11-03 18:17:31', 13, 2, -1),
(8, 1, 5, '001', '002', 'Real', 'face to face', 'off', '2019-11-03 13:17:39', '2019-11-03 18:17:41', '2019-11-03 18:17:42', '2019-11-03 18:17:44', '2019-11-03 18:17:46', 10, 3, -1),
(7, 1, 1, '006', '006', 'Real', 'face to face', 'off', '2019-11-03 13:20:39', '2019-11-03 18:20:41', '2019-11-03 18:20:44', '2019-11-03 18:20:47', '2019-11-03 18:20:49', 6, 2, -1),
(7, 1, 2, '006', '006', 'Real', 'face to face', 'off', '2019-11-03 13:20:54', '2019-11-03 18:20:56', '2019-11-03 18:20:58', '2019-11-03 18:21:00', '2019-11-03 18:21:02', 13, 3, -1),
(7, 1, 3, '006', '006', 'Real', 'face to face', 'off', '2019-11-03 13:21:07', '2019-11-03 18:21:09', '2019-11-03 18:21:10', '2019-11-03 18:21:12', '2019-11-03 18:21:14', 14, 3, -1),
(7, 1, 4, '006', '006', 'Real', 'face to face', 'off', '2019-11-03 13:21:18', '2019-11-03 18:21:20', '2019-11-03 18:21:21', '2019-11-03 18:21:24', '2019-11-03 18:21:25', 12, 2, -1),
(7, 1, 5, '006', '006', 'Real', 'face to face', 'off', '2019-11-03 13:21:30', '2019-11-03 18:21:32', '2019-11-03 18:21:32', '2019-11-03 18:21:34', '2019-11-03 18:21:35', 13, 4, -1),
(7, 1, 6, '006', '006', 'Real', 'face to face', 'off', '2019-11-03 13:21:41', '2019-11-03 18:21:43', '2019-11-03 18:21:45', '2019-11-03 18:21:46', '2019-11-03 18:21:48', 14, 2, -1),
(4, 1, 1, '002', '005', 'Real', 'face to face', 'off', '2019-11-03 16:54:55', '2019-11-03 21:54:57', '2019-11-03 21:55:06', '2019-11-03 21:55:09', '2019-11-03 21:55:12', 4, 4, -1),
(0, 1, 1, '005', '005', 'Real', 'face to face', 'off', '2019-11-03 16:56:44', '2019-11-03 21:56:46', '2019-11-03 21:56:49', '2019-11-03 21:56:51', '2019-11-03 21:56:54', 7, 2, -1),
(2, 1, 1, '005', '005', 'Real', 'face to face', 'off', '2019-11-03 16:58:37', '2019-11-03 21:58:39', '2019-11-03 21:58:42', '2019-11-03 21:58:44', '2019-11-03 21:58:49', 5, 4, -1),
(2, 1, 3, '005', '005', 'Real', 'face to face', 'off', '2019-11-03 16:59:14', '2019-11-03 21:59:14', '2019-11-03 21:59:20', '2019-11-03 21:59:22', '2019-11-03 21:59:26', 12, 4, -1),
(3, 1, 5, '002', '002', 'Real', 'face to face', 'off', '2019-11-03 17:59:50', '2019-11-03 22:59:51', '2019-11-03 22:59:53', '2019-11-03 22:59:54', '2019-11-03 22:59:57', 5, 5, -1),
(5, 6, 1, '005', '002', 'Real', 'face to face', 'off', '2019-11-03 18:16:55', '2019-11-03 23:16:57', '2019-11-03 23:16:57', '2019-11-03 23:16:59', '2019-11-03 23:17:57', 16, 4, -1),
(5, 6, 3, '005', '002', 'Real', 'face to face', 'off', '2019-11-03 18:18:24', '2019-11-03 23:18:25', '2019-11-03 23:18:27', '2019-11-03 23:18:30', '2019-11-03 23:18:35', 12, 4, -1),
(5, 6, 6, '005', '002', 'Real', 'face to face', 'off', '2019-11-03 18:27:21', '2019-11-03 23:27:23', '2019-11-03 23:27:32', '2019-11-03 23:27:35', '2019-11-03 23:27:39', 13, 4, -1),
(0, 1, 1, '000', '000', 'Real', 'face to face', 'on', '2019-11-03 22:06:33', '2019-11-04 03:06:35', '2019-11-04 03:06:48', '2019-11-04 03:06:52', '2019-11-04 03:06:56', 13, 3, -1),
(1, 2, 1, '001', '001', 'Real', 'face to face', 'on', '2019-11-03 22:08:06', '2019-11-04 03:08:18', '2019-11-04 03:08:09', '2019-11-04 03:08:11', '2019-11-04 03:08:14', 4, 4, -1),
(1, 2, 3, '001', '001', 'Real', 'face to face', 'on', '2019-11-03 22:08:21', '2019-11-04 03:08:31', '2019-11-04 03:08:24', '2019-11-04 03:08:27', '2019-11-04 03:08:28', 12, 3, -1),
(2, 2, 2, '002', '002', 'Real', 'face to face', 'on', '2019-11-03 22:14:23', '2019-11-04 03:14:42', '2019-11-04 03:14:33', '2019-11-04 03:14:35', '2019-11-04 03:14:37', 3, 3, -1),
(2, 2, 4, '002', '002', 'Real', 'face to face', 'on', '2019-11-03 22:14:43', '2019-11-04 03:14:46', '2019-11-04 03:14:47', '2019-11-04 03:14:50', '2019-11-04 03:14:52', 4, 7, -1),
(2, 2, 5, '002', '002', 'Real', 'face to face', 'on', '2019-11-03 22:14:56', '2019-11-04 03:14:58', '2019-11-04 03:14:59', '2019-11-04 03:15:02', '2019-11-04 03:15:03', 5, 4, -1),
(4, 3, 1, '004', '004', 'Real', 'face to face', 'on', '2019-11-03 22:23:01', '2019-11-04 03:23:03', '2019-11-04 03:23:11', '2019-11-04 03:23:14', '2019-11-04 03:23:16', 3, 4, -1),
(4, 3, 3, '004', '004', 'Real', 'face to face', 'on', '2019-11-03 22:23:25', '2019-11-04 03:23:43', '2019-11-04 03:23:27', '2019-11-04 03:23:33', '2019-11-04 03:23:36', 2, 4, -1),
(6, 5, 1, '006', '006', 'Real', 'face to face', 'on', '2019-11-03 22:43:54', '2019-11-04 03:43:56', '2019-11-04 03:43:59', '2019-11-04 03:44:02', '2019-11-04 03:44:04', 2, 4, -1),
(7, 1, 1, '007', '007', 'Real', 'face to face', 'on', '2019-11-03 22:57:29', '2019-11-04 03:57:31', '2019-11-04 03:57:39', '2019-11-04 03:57:44', '2019-11-04 03:57:47', 2, 3, -1),
(7, 1, 2, '007', '007', 'Real', 'face to face', 'on', '2019-11-03 22:57:53', '2019-11-04 03:57:55', '2019-11-04 03:57:59', '2019-11-04 03:58:07', '2019-11-04 03:58:09', 2, 4, -1),
(7, 7, 1, '007', '007', 'Real', 'face to face', 'on', '2019-11-03 23:01:05', '2019-11-04 04:01:07', '2019-11-04 04:01:08', '2019-11-04 04:01:10', '2019-11-04 04:01:14', 4, 3, -1),
(7, 7, 2, '007', '007', 'Real', 'face to face', 'on', '2019-11-03 23:01:21', '2019-11-04 04:01:23', '2019-11-04 04:01:25', '2019-11-04 04:01:27', '2019-11-04 04:01:33', 11, 4, -1),
(7, 7, 3, '007', '007', 'Real', 'face to face', 'on', '2019-11-03 23:01:40', '2019-11-04 04:01:42', '2019-11-04 04:01:44', '2019-11-04 04:01:45', '2019-11-04 04:01:47', 12, 4, -1),
(7, 7, 4, '007', '007', 'Real', 'face to face', 'on', '2019-11-03 23:01:54', '2019-11-04 04:01:56', '2019-11-04 04:01:59', '2019-11-04 04:02:01', '2019-11-04 04:02:05', 3, -1, -1),
(88, 8, 1, '888', '999', 'Real', 'face to face', 'on', '2019-11-03 23:08:30', '2019-11-04 04:08:32', '2019-11-04 04:08:35', '2019-11-04 04:08:39', '2019-11-04 04:08:47', 4, 4, -1),
(88, 8, 2, '888', '999', 'Real', 'face to face', 'on', '2019-11-03 23:08:55', '2019-11-04 04:08:57', '2019-11-04 04:09:00', '2019-11-04 04:09:04', '2019-11-04 04:09:07', 13, 4, -1),
(88, 8, 3, '888', '999', 'Real', 'face to face', 'on', '2019-11-03 23:09:16', '2019-11-04 04:09:18', '2019-11-04 04:09:20', '2019-11-04 04:09:24', '2019-11-04 04:09:27', 13, 5, -1),
(88, 8, 4, '888', '999', 'Real', 'face to face', 'on', '2019-11-03 23:09:34', '2019-11-04 04:09:36', NULL, NULL, NULL, NULL, -1, -1),
(7, 7, 1, '777', '666', 'Real', 'face to face', 'off', '2019-11-03 23:10:55', '2019-11-04 04:10:57', '2019-11-04 04:10:58', '2019-11-04 04:11:00', '2019-11-04 04:11:03', 14, 4, -1),
(7, 7, 2, '777', '666', 'Real', 'face to face', 'off', '2019-11-03 23:11:10', '2019-11-04 04:11:12', '2019-11-04 04:11:13', '2019-11-04 04:11:16', '2019-11-04 04:11:21', 13, 4, -1),
(7, 7, 3, '777', '666', 'Real', 'face to face', 'off', '2019-11-03 23:11:28', '2019-11-04 04:11:30', '2019-11-04 04:11:36', '2019-11-04 04:11:38', '2019-11-04 04:11:40', 14, 4, -1),
(7, 7, 4, '777', '666', 'Real', 'face to face', 'off', '2019-11-03 23:11:47', '2019-11-04 04:11:49', NULL, NULL, NULL, NULL, -1, -1);

-- --------------------------------------------------------

--
-- Table structure for table `state`
--

CREATE TABLE `state` (
  `p_state` int(11) NOT NULL DEFAULT 0,
  `o_state` int(11) NOT NULL DEFAULT 0,
  `trial_number` int(11) NOT NULL DEFAULT -1,
  `trial_state` int(11) NOT NULL DEFAULT 0
) ENGINE=InnoDB DEFAULT CHARSET=latin1;

--
-- Dumping data for table `state`
--

INSERT INTO `state` (`p_state`, `o_state`, `trial_number`, `trial_state`) VALUES
(0, 0, -1, 0);

-- --------------------------------------------------------

--
-- Table structure for table `test_number`
--

CREATE TABLE `test_number` (
  `trial_number` int(11) NOT NULL DEFAULT 0,
  `Set_1` int(11) DEFAULT 0,
  `Set_2` int(11) NOT NULL DEFAULT 0,
  `Set_3` int(11) NOT NULL DEFAULT 0,
  `Set_4` int(11) NOT NULL DEFAULT 4,
  `Set_5` int(11) NOT NULL DEFAULT 5,
  `Set_6` int(11) NOT NULL DEFAULT 6,
  `Set_7` int(11) NOT NULL DEFAULT 7,
  `Set_8` int(11) NOT NULL DEFAULT 8
) ENGINE=InnoDB DEFAULT CHARSET=latin1;

--
-- Dumping data for table `test_number`
--

INSERT INTO `test_number` (`trial_number`, `Set_1`, `Set_2`, `Set_3`, `Set_4`, `Set_5`, `Set_6`, `Set_7`, `Set_8`) VALUES
(1, 12, 10, 2, 15, 9, 7, 9, 6),
(2, 8, 9, 1, 3, 14, 10, 13, 9),
(3, 1, 7, 1, 9, 3, 14, 4, 9),
(4, 1, 6, 9, 10, 10, 11, 11, 5),
(5, 3, 15, 7, 11, 12, 6, 5, 2),
(6, 16, 3, 8, 14, 11, 15, 1, 13),
(7, 14, 10, 12, 2, 16, 9, 9, 12),
(8, 9, 13, 8, 16, 13, 6, 6, 10),
(9, 7, 2, 11, 4, 1, 5, 10, 15),
(10, 12, 3, 16, 8, 7, 3, 15, 1),
(11, 6, 6, 4, 14, 3, 1, 12, 8),
(12, 14, 12, 13, 12, 6, 12, 2, 13),
(13, 5, 11, 3, 12, 15, 8, 12, 16),
(14, 13, 13, 11, 13, 5, 16, 11, 11),
(15, 15, 5, 6, 6, 6, 14, 16, 4),
(16, 2, 1, 10, 7, 4, 2, 7, 7),
(17, 10, 4, 15, 5, 8, 4, 4, 7),
(18, 11, 16, 5, 1, 2, 12, 14, 3),
(19, 4, 8, 12, 2, 10, 13, 8, 14),
(20, 16, 14, 14, 8, 6, 1, 3, 11);
COMMIT;

/*!40101 SET CHARACTER_SET_CLIENT=@OLD_CHARACTER_SET_CLIENT */;
/*!40101 SET CHARACTER_SET_RESULTS=@OLD_CHARACTER_SET_RESULTS */;
/*!40101 SET COLLATION_CONNECTION=@OLD_COLLATION_CONNECTION */;
